{
  "orientation": [
    [
      0.998278025181613,
      -0.05438444298193085,
      0.021984467267684712
    ],
    [
      -0.03642762905134424,
      -0.8685000946483389,
      -0.49434867597428056
    ],
    [
      0.04597838928449374,
      0.4926965779842313,
      -0.8689856556706975
    ]
  ],
  "position": [
    -0.350973281308017,
    -6.21237194405661,
    13.748813405668956
  ],
  "focal_length": 1404.8856201171875,
  "principal_point": [
    615.7135620117188,
    1005.7840576171875
  ],
  "skew": 0.0,
  "pixel_aspect_ratio": 1.0,
  "radial_distortion": [
    0.08090346306562424,
    -0.26827719807624817,
    0.0
  ],
  "tangential_distortion": [
    0.005374678876250982,
    0.011547503992915154
  ],
  "image_size": [
    1080,
    1920
  ]
}