{
  "orientation": [
    [
      0.9609712088401262,
      -0.010171347573171747,
      0.2764613525773398
    ],
    [
      -0.047406955372510315,
      -0.9905965146867762,
      0.12833988340621186
    ],
    [
      0.27255626274707984,
      -0.13643712390312607,
      -0.952416922811847
    ]
  ],
  "position": [
    -3.746626711658425,
    4.126623104414013,
    13.748813405668956
  ],
  "focal_length": 1404.8856201171875,
  "principal_point": [
    615.7135620117188,
    1005.7840576171875
  ],
  "skew": 0.0,
  "pixel_aspect_ratio": 1.0,
  "radial_distortion": [
    0.08090346306562424,
    -0.26827719807624817,
    0.0
  ],
  "tangential_distortion": [
    0.005374678876250982,
    0.011547503992915154
  ],
  "image_size": [
    1080,
    1920
  ]
}