{
  "orientation": [
    [
      0.9952369025490385,
      -0.04341903492988425,
      0.08728284602573938
    ],
    [
      -0.06118359385038879,
      -0.9752425339616697,
      0.212505453566661
    ],
    [
      0.07589516221832658,
      -0.21683354758380713,
      -0.9732538913326136
    ]
  ],
  "position": [
    -0.7159285403975078,
    5.284485221466604,
    13.748813405668956
  ],
  "focal_length": 1404.8856201171875,
  "principal_point": [
    615.7135620117188,
    1005.7840576171875
  ],
  "skew": 0.0,
  "pixel_aspect_ratio": 1.0,
  "radial_distortion": [
    0.08090346306562424,
    -0.26827719807624817,
    0.0
  ],
  "tangential_distortion": [
    0.005374678876250982,
    0.011547503992915154
  ],
  "image_size": [
    1080,
    1920
  ]
}