{
  "orientation": [
    [
      0.9290530816061074,
      0.007118023724905034,
      0.3698779600036304
    ],
    [
      0.0032633424552075668,
      -0.9999336642110725,
      0.01104616555362992
    ],
    [
      0.3699320507258266,
      -0.009055435697405698,
      -0.9290146806860022
    ]
  ],
  "position": [
    -5.377396977891144,
    2.1831467809353526,
    13.748813405668956
  ],
  "focal_length": 1404.8856201171875,
  "principal_point": [
    615.7135620117188,
    1005.7840576171875
  ],
  "skew": 0.0,
  "pixel_aspect_ratio": 1.0,
  "radial_distortion": [
    0.08090346306562424,
    -0.26827719807624817,
    0.0
  ],
  "tangential_distortion": [
    0.005374678876250982,
    0.011547503992915154
  ],
  "image_size": [
    1080,
    1920
  ]
}