{
  "orientation": [
    [
      0.9745003060079235,
      -0.09055507800573384,
      -0.20530204927822562
    ],
    [
      -0.06411270708687725,
      -0.9891760092261814,
      0.1319863006579011
    ],
    [
      -0.21503189154275654,
      -0.11545822023026789,
      -0.9697580548780212
    ]
  ],
  "position": [
    3.647133069354454,
    3.7744149164789906,
    13.748813405668956
  ],
  "focal_length": 1404.8856201171875,
  "principal_point": [
    615.7135620117188,
    1005.7840576171875
  ],
  "skew": 0.0,
  "pixel_aspect_ratio": 1.0,
  "radial_distortion": [
    0.08090346306562424,
    -0.26827719807624817,
    0.0
  ],
  "tangential_distortion": [
    0.005374678876250982,
    0.011547503992915154
  ],
  "image_size": [
    1080,
    1920
  ]
}