{
  "orientation": [
    [
      0.9627908486380388,
      -0.011343085451276545,
      0.27000947426208965
    ],
    [
      0.10446735376905315,
      -0.9058294473316135,
      -0.410560086154749
    ],
    [
      0.24923955098526504,
      0.4234906690345709,
      -0.8709393201970589
    ]
  ],
  "position": [
    -3.746626711658424,
    -5.0371248653216885,
    13.748813405668956
  ],
  "focal_length": 1404.8856201171875,
  "principal_point": [
    615.7135620117188,
    1005.7840576171875
  ],
  "skew": 0.0,
  "pixel_aspect_ratio": 1.0,
  "radial_distortion": [
    0.08090346306562424,
    -0.26827719807624817,
    0.0
  ],
  "tangential_distortion": [
    0.005374678876250982,
    0.011547503992915154
  ],
  "image_size": [
    1080,
    1920
  ]
}