{
  "orientation": [
    [
      0.9930530660030181,
      -0.03939384841025208,
      0.11087710678690797
    ],
    [
      -0.06198565437697784,
      -0.976084117399771,
      0.20836884222783444
    ],
    [
      0.10001693233379617,
      -0.21379410765346268,
      -0.9717451789328294
    ]
  ],
  "position": [
    -1.0790464040641892,
    5.2439883683059305,
    13.748813405668956
  ],
  "focal_length": 1404.8856201171875,
  "principal_point": [
    615.7135620117188,
    1005.7840576171875
  ],
  "skew": 0.0,
  "pixel_aspect_ratio": 1.0,
  "radial_distortion": [
    0.08090346306562424,
    -0.26827719807624817,
    0.0
  ],
  "tangential_distortion": [
    0.005374678876250982,
    0.011547503992915154
  ],
  "image_size": [
    1080,
    1920
  ]
}