{
  "orientation": [
    [
      0.9325402549210186,
      -0.11096490640709926,
      -0.34359200004934004
    ],
    [
      -0.18730977132696577,
      -0.9622163090681957,
      -0.19762293421720764
    ],
    [
      -0.30868061571352645,
      0.2486494804121711,
      -0.9180902533920484
    ]
  ],
  "position": [
    5.313679873644934,
    -1.9013222679047501,
    13.748813405668956
  ],
  "focal_length": 1404.8856201171875,
  "principal_point": [
    615.7135620117188,
    1005.7840576171875
  ],
  "skew": 0.0,
  "pixel_aspect_ratio": 1.0,
  "radial_distortion": [
    0.08090346306562424,
    -0.26827719807624817,
    0.0
  ],
  "tangential_distortion": [
    0.005374678876250982,
    0.011547503992915154
  ],
  "image_size": [
    1080,
    1920
  ]
}