{
  "orientation": [
    [
      0.9173991800042683,
      0.012404474032161088,
      0.39777490311919067
    ],
    [
      0.04205787877555901,
      -0.9969388149577996,
      -0.06591004523923778
    ],
    [
      0.3957396610909708,
      0.07719539011186763,
      -0.9151125572218316
    ]
  ],
  "position": [
    -5.8759938260516815,
    0.8132631992030344,
    13.748813405668956
  ],
  "focal_length": 1404.8856201171875,
  "principal_point": [
    615.7135620117188,
    1005.7840576171875
  ],
  "skew": 0.0,
  "pixel_aspect_ratio": 1.0,
  "radial_distortion": [
    0.08090346306562424,
    -0.26827719807624817,
    0.0
  ],
  "tangential_distortion": [
    0.005374678876250982,
    0.011547503992915154
  ],
  "image_size": [
    1080,
    1920
  ]
}