{
  "orientation": [
    [
      0.994269548587656,
      -0.07098962408835299,
      -0.07992833054113538
    ],
    [
      -0.053883045981470264,
      -0.978550339032288,
      0.19883624251014406
    ],
    [
      -0.09232920506024853,
      -0.1933900391736565,
      -0.9767679410388909
    ]
  ],
  "position": [
    1.7952763303469497,
    4.923428469279099,
    13.748813405668956
  ],
  "focal_length": 1404.8856201171875,
  "principal_point": [
    615.7135620117188,
    1005.7840576171875
  ],
  "skew": 0.0,
  "pixel_aspect_ratio": 1.0,
  "radial_distortion": [
    0.08090346306562424,
    -0.26827719807624817,
    0.0
  ],
  "tangential_distortion": [
    0.005374678876250982,
    0.011547503992915154
  ],
  "image_size": [
    1080,
    1920
  ]
}