{
  "orientation": [
    [
      0.9960010148976248,
      -0.045146552189221485,
      0.0770958309399877
    ],
    [
      -0.0015113554664458809,
      -0.8713207598569839,
      -0.4907115743967141
    ],
    [
      0.08932913369979198,
      0.4886327069156073,
      -0.867904593607368
    ]
  ],
  "position": [
    -1.0790464040641892,
    -6.154490129213605,
    13.748813405668956
  ],
  "focal_length": 1404.8856201171875,
  "principal_point": [
    615.7135620117188,
    1005.7840576171875
  ],
  "skew": 0.0,
  "pixel_aspect_ratio": 1.0,
  "radial_distortion": [
    0.08090346306562424,
    -0.26827719807624817,
    0.0
  ],
  "tangential_distortion": [
    0.005374678876250982,
    0.011547503992915154
  ],
  "image_size": [
    1080,
    1920
  ]
}