{
  "orientation": [
    [
      0.9196436431207856,
      0.011417022813029485,
      0.3925878516429358
    ],
    [
      0.032146071243992914,
      -0.9984117150330072,
      -0.046267454959453724
    ],
    [
      0.39143607367117444,
      0.055169727885278824,
      -0.9185499993761684
    ]
  ],
  "position": [
    -5.78423211242268,
    1.1669217434821735,
    13.748813405668956
  ],
  "focal_length": 1404.8856201171875,
  "principal_point": [
    615.7135620117188,
    1005.7840576171875
  ],
  "skew": 0.0,
  "pixel_aspect_ratio": 1.0,
  "radial_distortion": [
    0.08090346306562424,
    -0.26827719807624817,
    0.0
  ],
  "tangential_distortion": [
    0.005374678876250982,
    0.011547503992915154
  ],
  "image_size": [
    1080,
    1920
  ]
}