{
  "orientation": [
    [
      0.9281064354341105,
      0.007562994069824883,
      0.3722381571339631
    ],
    [
      0.12259853485747402,
      -0.9502430612553765,
      -0.286369907264733
    ],
    [
      0.35155091204061745,
      0.3114176065297382,
      -0.8828539123698209
    ]
  ],
  "position": [
    -5.377396977891144,
    -3.093648541843026,
    13.748813405668956
  ],
  "focal_length": 1404.8856201171875,
  "principal_point": [
    615.7135620117188,
    1005.7840576171875
  ],
  "skew": 0.0,
  "pixel_aspect_ratio": 1.0,
  "radial_distortion": [
    0.08090346306562424,
    -0.26827719807624817,
    0.0
  ],
  "tangential_distortion": [
    0.005374678876250982,
    0.011547503992915154
  ],
  "image_size": [
    1080,
    1920
  ]
}