{
  "orientation": [
    [
      0.9443948414073815,
      -0.10629518754802662,
      -0.3111586679288505
    ],
    [
      -0.2039258399678891,
      -0.9316735655814817,
      -0.3006636309733511
    ],
    [
      -0.2579392085676734,
      0.3473984748107256,
      -0.9015440446160486
    ]
  ],
  "position": [
    4.584188627281592,
    -3.568177349766627,
    13.748813405668956
  ],
  "focal_length": 1404.8856201171875,
  "principal_point": [
    615.7135620117188,
    1005.7840576171875
  ],
  "skew": 0.0,
  "pixel_aspect_ratio": 1.0,
  "radial_distortion": [
    0.08090346306562424,
    -0.26827719807624817,
    0.0
  ],
  "tangential_distortion": [
    0.005374678876250982,
    0.011547503992915154
  ],
  "image_size": [
    1080,
    1920
  ]
}