{
  "orientation": [
    [
      0.987165248737363,
      -0.03150321254900031,
      0.1565641059898242
    ],
    [
      0.046738689097775885,
      -0.8804369810223371,
      -0.4718540212710858
    ],
    [
      0.15270974633834553,
      0.47311549334952596,
      -0.8676643725115794
    ]
  ],
  "position": [
    -2.1428264122863454,
    -5.8964198915981925,
    13.748813405668956
  ],
  "focal_length": 1404.8856201171875,
  "principal_point": [
    615.7135620117188,
    1005.7840576171875
  ],
  "skew": 0.0,
  "pixel_aspect_ratio": 1.0,
  "radial_distortion": [
    0.08090346306562424,
    -0.26827719807624817,
    0.0
  ],
  "tangential_distortion": [
    0.005374678876250982,
    0.011547503992915154
  ],
  "image_size": [
    1080,
    1920
  ]
}