{
  "orientation": [
    [
      0.932189415852034,
      0.005622113895403924,
      0.36192718163850435
    ],
    [
      0.12437303217673992,
      -0.9439778459508218,
      -0.30567495026778063
    ],
    [
      0.3399327019287898,
      0.32996093433828444,
      -0.8806653961465721
    ]
  ],
  "position": [
    -5.1997557148009514,
    -3.4129261008375362,
    13.748813405668956
  ],
  "focal_length": 1404.8856201171875,
  "principal_point": [
    615.7135620117188,
    1005.7840576171875
  ],
  "skew": 0.0,
  "pixel_aspect_ratio": 1.0,
  "radial_distortion": [
    0.08090346306562424,
    -0.26827719807624817,
    0.0
  ],
  "tangential_distortion": [
    0.005374678876250982,
    0.011547503992915154
  ],
  "image_size": [
    1080,
    1920
  ]
}