{
  "orientation": [
    [
      0.9140276723072894,
      0.013862703454030059,
      0.40541489823323457
    ],
    [
      0.08865858538528001,
      -0.9820807735434969,
      -0.1663039671014724
    ],
    [
      0.3958447542837966,
      0.1879499393167027,
      -0.8988780511375547
    ]
  ],
  "position": [
    -5.991393353185708,
    -1.0025689217780762,
    13.748813405668956
  ],
  "focal_length": 1404.8856201171875,
  "principal_point": [
    615.7135620117188,
    1005.7840576171875
  ],
  "skew": 0.0,
  "pixel_aspect_ratio": 1.0,
  "radial_distortion": [
    0.08090346306562424,
    -0.26827719807624817,
    0.0
  ],
  "tangential_distortion": [
    0.005374678876250982,
    0.011547503992915154
  ],
  "image_size": [
    1080,
    1920
  ]
}