{
  "orientation": [
    [
      0.9463188234584048,
      -0.0015925001226421646,
      0.3232307972821583
    ],
    [
      -0.029607968054725136,
      -0.9962109523750143,
      0.08177473078975649
    ],
    [
      0.32187583412858245,
      -0.08695517414982364,
      -0.942780327060659
    ]
  ],
  "position": [
    -4.550737301969359,
    3.383902220106991,
    13.748813405668956
  ],
  "focal_length": 1404.8856201171875,
  "principal_point": [
    615.7135620117188,
    1005.7840576171875
  ],
  "skew": 0.0,
  "pixel_aspect_ratio": 1.0,
  "radial_distortion": [
    0.08090346306562424,
    -0.26827719807624817,
    0.0
  ],
  "tangential_distortion": [
    0.005374678876250982,
    0.011547503992915154
  ],
  "image_size": [
    1080,
    1920
  ]
}