{
  "orientation": [
    [
      0.9706083516422962,
      -0.016742145046375757,
      0.24008150345553678
    ],
    [
      -0.055394689095605895,
      -0.9863336196041851,
      0.15516900224757527
    ],
    [
      0.23420259636098392,
      -0.16390756973902385,
      -0.9582710746130351
    ]
  ],
  "position": [
    -3.138542416332933,
    4.531189868184765,
    13.748813405668956
  ],
  "focal_length": 1404.8856201171875,
  "principal_point": [
    615.7135620117188,
    1005.7840576171875
  ],
  "skew": 0.0,
  "pixel_aspect_ratio": 1.0,
  "radial_distortion": [
    0.08090346306562424,
    -0.26827719807624817,
    0.0
  ],
  "tangential_distortion": [
    0.005374678876250982,
    0.011547503992915154
  ],
  "image_size": [
    1080,
    1920
  ]
}