{
  "orientation": [
    [
      0.9968604600644849,
      -0.04746339412173222,
      0.06337546353652
    ],
    [
      -0.06008777395913937,
      -0.9747312519288819,
      0.21514749808861405
    ],
    [
      0.05156241441844082,
      -0.21828012445387673,
      -0.9745230139343766
    ]
  ],
  "position": [
    -0.3509732813080194,
    5.301870183148936,
    13.748813405668956
  ],
  "focal_length": 1404.8856201171875,
  "principal_point": [
    615.7135620117188,
    1005.7840576171875
  ],
  "skew": 0.0,
  "pixel_aspect_ratio": 1.0,
  "radial_distortion": [
    0.08090346306562424,
    -0.26827719807624817,
    0.0
  ],
  "tangential_distortion": [
    0.005374678876250982,
    0.011547503992915154
  ],
  "image_size": [
    1080,
    1920
  ]
}