{
  "orientation": [
    [
      0.9511409261783952,
      -0.004268983542119734,
      0.3087275729960346
    ],
    [
      -0.03628402921774199,
      -0.9945214485725337,
      0.09803345119353686
    ],
    [
      0.3066176899205765,
      -0.10444550784359584,
      -0.946084947623131
    ]
  ],
  "position": [
    -4.298603755753239,
    3.648332273055317,
    13.748813405668956
  ],
  "focal_length": 1404.8856201171875,
  "principal_point": [
    615.7135620117188,
    1005.7840576171875
  ],
  "skew": 0.0,
  "pixel_aspect_ratio": 1.0,
  "radial_distortion": [
    0.08090346306562424,
    -0.26827719807624817,
    0.0
  ],
  "tangential_distortion": [
    0.005374678876250982,
    0.011547503992915154
  ],
  "image_size": [
    1080,
    1920
  ]
}