{
  "orientation": [
    [
      0.9937302587572661,
      -0.0405369686720668,
      0.10419657864391224
    ],
    [
      0.015332815844968928,
      -0.8737394417064177,
      -0.4861525406339266
    ],
    [
      0.11074781076157388,
      0.48470211695167703,
      -0.8676397756177855
    ]
  ],
  "position": [
    -1.438864724831264,
    -6.091044451109159,
    13.748813405668956
  ],
  "focal_length": 1404.8856201171875,
  "principal_point": [
    615.7135620117188,
    1005.7840576171875
  ],
  "skew": 0.0,
  "pixel_aspect_ratio": 1.0,
  "radial_distortion": [
    0.08090346306562424,
    -0.26827719807624817,
    0.0
  ],
  "tangential_distortion": [
    0.005374678876250982,
    0.011547503992915154
  ],
  "image_size": [
    1080,
    1920
  ]
}