{
  "orientation": [
    [
      0.9983431023407368,
      -0.05552654295422701,
      0.015094801629222747
    ],
    [
      -0.0574769939457315,
      -0.9747355750952647,
      0.21584011168146186
    ],
    [
      0.0027285849144835263,
      -0.2163500905274966,
      -0.9763120367756962
    ]
  ],
  "position": [
    0.37856975786098795,
    5.267117764967027,
    13.748813405668956
  ],
  "focal_length": 1404.8856201171875,
  "principal_point": [
    615.7135620117188,
    1005.7840576171875
  ],
  "skew": 0.0,
  "pixel_aspect_ratio": 1.0,
  "radial_distortion": [
    0.08090346306562424,
    -0.26827719807624817,
    0.0
  ],
  "tangential_distortion": [
    0.005374678876250982,
    0.011547503992915154
  ],
  "image_size": [
    1080,
    1920
  ]
}