{
  "orientation": [
    [
      0.9573290346937715,
      -0.007905862909412201,
      0.288892050191675
    ],
    [
      0.11162857993284518,
      -0.9119301224394536,
      -0.394870246954287
    ],
    [
      0.2665711527425053,
      0.41026936166282363,
      -0.8721346635734135
    ]
  ],
  "position": [
    -4.0302066455049665,
    -4.806740405886242,
    13.748813405668956
  ],
  "focal_length": 1404.8856201171875,
  "principal_point": [
    615.7135620117188,
    1005.7840576171875
  ],
  "skew": 0.0,
  "pixel_aspect_ratio": 1.0,
  "radial_distortion": [
    0.08090346306562424,
    -0.26827719807624817,
    0.0
  ],
  "tangential_distortion": [
    0.005374678876250982,
    0.011547503992915154
  ],
  "image_size": [
    1080,
    1920
  ]
}