{
  "orientation": [
    [
      0.9981871629053987,
      -0.05950424485394755,
      -0.009035079149217942
    ],
    [
      -0.056200735005932756,
      -0.9752443170435089,
      0.21386911759095334
    ],
    [
      -0.021537529934142884,
      -0.21297362963217195,
      -0.976820540266038
    ]
  ],
  "position": [
    0.7402199256094419,
    5.215120320825159,
    13.748813405668956
  ],
  "focal_length": 1404.8856201171875,
  "principal_point": [
    615.7135620117188,
    1005.7840576171875
  ],
  "skew": 0.0,
  "pixel_aspect_ratio": 1.0,
  "radial_distortion": [
    0.08090346306562424,
    -0.26827719807624817,
    0.0
  ],
  "tangential_distortion": [
    0.005374678876250982,
    0.011547503992915154
  ],
  "image_size": [
    1080,
    1920
  ]
}