{
  "orientation": [
    [
      0.9144246449110746,
      0.013692522678933545,
      0.40452451545232965
    ],
    [
      0.061641460852982,
      -0.9924807728534311,
      -0.10574613855912973
    ],
    [
      0.4000348723338573,
      0.12163235728597578,
      -0.9083929053982596
    ]
  ],
  "position": [
    -5.991393353185708,
    0.09206716087040018,
    13.748813405668956
  ],
  "focal_length": 1404.8856201171875,
  "principal_point": [
    615.7135620117188,
    1005.7840576171875
  ],
  "skew": 0.0,
  "pixel_aspect_ratio": 1.0,
  "radial_distortion": [
    0.08090346306562424,
    -0.26827719807624817,
    0.0
  ],
  "tangential_distortion": [
    0.005374678876250982,
    0.011547503992915154
  ],
  "image_size": [
    1080,
    1920
  ]
}