{
  "orientation": [
    [
      0.9564241922774821,
      -0.10085633667180632,
      -0.27400869289040675
    ],
    [
      -0.19874032439155606,
      -0.9123741035663305,
      -0.3578767645465042
    ],
    [
      -0.21390429609314782,
      0.3967385719774146,
      -0.8926608861254182
    ]
  ],
  "position": [
    3.907529496151114,
    -4.4286194301495865,
    13.748813405668956
  ],
  "focal_length": 1404.8856201171875,
  "principal_point": [
    615.7135620117188,
    1005.7840576171875
  ],
  "skew": 0.0,
  "pixel_aspect_ratio": 1.0,
  "radial_distortion": [
    0.08090346306562424,
    -0.26827719807624817,
    0.0
  ],
  "tangential_distortion": [
    0.005374678876250982,
    0.011547503992915154
  ],
  "image_size": [
    1080,
    1920
  ]
}