{
  "orientation": [
    [
      0.9165695417510483,
      0.012766046745259186,
      0.39967149408579417
    ],
    [
      0.10371291889009869,
      -0.9728769471377678,
      -0.2067705882933845
    ],
    [
      0.38619154002847983,
      0.23097072060846666,
      -0.8930333815888611
    ]
  ],
  "position": [
    -5.8759938260516815,
    -1.7237649601107083,
    13.748813405668956
  ],
  "focal_length": 1404.8856201171875,
  "principal_point": [
    615.7135620117188,
    1005.7840576171875
  ],
  "skew": 0.0,
  "pixel_aspect_ratio": 1.0,
  "radial_distortion": [
    0.08090346306562424,
    -0.26827719807624817,
    0.0
  ],
  "tangential_distortion": [
    0.005374678876250982,
    0.011547503992915154
  ],
  "image_size": [
    1080,
    1920
  ]
}