{
  "orientation": [
    [
      0.9339266720759182,
      -0.11044770005896176,
      -0.33997393537870807
    ],
    [
      -0.1927288642319606,
      -0.9565761158551714,
      -0.21867263081440252
    ],
    [
      -0.30105905745726846,
      0.26974699280458925,
      -0.9146584082573243
    ]
  ],
  "position": [
    5.210743503375677,
    -2.2518913505483305,
    13.748813405668956
  ],
  "focal_length": 1404.8856201171875,
  "principal_point": [
    615.7135620117188,
    1005.7840576171875
  ],
  "skew": 0.0,
  "pixel_aspect_ratio": 1.0,
  "radial_distortion": [
    0.08090346306562424,
    -0.26827719807624817,
    0.0
  ],
  "tangential_distortion": [
    0.005374678876250982,
    0.011547503992915154
  ],
  "image_size": [
    1080,
    1920
  ]
}