{
  "orientation": [
    [
      0.9410929916562518,
      -0.10765545132228067,
      -0.3205530921018885
    ],
    [
      -0.2029019367325925,
      -0.938126011478583,
      -0.2806250000578145
    ],
    [
      -0.2705083827271325,
      0.3291350640510388,
      -0.9047073142660392
    ]
  ],
  "position": [
    4.771870472684023,
    -3.2546967236729114,
    13.748813405668956
  ],
  "focal_length": 1404.8856201171875,
  "principal_point": [
    615.7135620117188,
    1005.7840576171875
  ],
  "skew": 0.0,
  "pixel_aspect_ratio": 1.0,
  "radial_distortion": [
    0.08090346306562424,
    -0.26827719807624817,
    0.0
  ],
  "tangential_distortion": [
    0.005374678876250982,
    0.011547503992915154
  ],
  "image_size": [
    1080,
    1920
  ]
}