{
  "orientation": [
    [
      0.9795092442501225,
      -0.02388541024354378,
      0.1999778177850021
    ],
    [
      -0.06026450148243061,
      -0.9822077013710295,
      0.17786573933310731
    ],
    [
      0.192171356579559,
      -0.1862726994085187,
      -0.9635209656076176
    ]
  ],
  "position": [
    -2.4841351737178567,
    4.855522933693624,
    13.748813405668956
  ],
  "focal_length": 1404.8856201171875,
  "principal_point": [
    615.7135620117188,
    1005.7840576171875
  ],
  "skew": 0.0,
  "pixel_aspect_ratio": 1.0,
  "radial_distortion": [
    0.08090346306562424,
    -0.26827719807624817,
    0.0
  ],
  "tangential_distortion": [
    0.005374678876250982,
    0.011547503992915154
  ],
  "image_size": [
    1080,
    1920
  ]
}