{
  "orientation": [
    [
      0.978404745191811,
      -0.022921500966568132,
      0.20542336619670898
    ],
    [
      0.07391076923341022,
      -0.8893264992996317,
      -0.45125998696404257
    ],
    [
      0.19303199936143528,
      0.4566979115749292,
      -0.8684271211711578
    ]
  ],
  "position": [
    -2.816486595691693,
    -5.61424488585936,
    13.748813405668956
  ],
  "focal_length": 1404.8856201171875,
  "principal_point": [
    615.7135620117188,
    1005.7840576171875
  ],
  "skew": 0.0,
  "pixel_aspect_ratio": 1.0,
  "radial_distortion": [
    0.08090346306562424,
    -0.26827719807624817,
    0.0
  ],
  "tangential_distortion": [
    0.005374678876250982,
    0.011547503992915154
  ],
  "image_size": [
    1080,
    1920
  ]
}