{
  "orientation": [
    [
      0.9661014221309745,
      -0.09575793646860495,
      -0.2397466574527853
    ],
    [
      -0.07330629151431081,
      -0.9921928079174315,
      0.10089410062705202
    ],
    [
      -0.24753632012479992,
      -0.07989899573960511,
      -0.9655785419627319
    ]
  ],
  "position": [
    4.151146284678103,
    3.2458210692308778,
    13.748813405668956
  ],
  "focal_length": 1404.8856201171875,
  "principal_point": [
    615.7135620117188,
    1005.7840576171875
  ],
  "skew": 0.0,
  "pixel_aspect_ratio": 1.0,
  "radial_distortion": [
    0.08090346306562424,
    -0.26827719807624817,
    0.0
  ],
  "tangential_distortion": [
    0.005374678876250982,
    0.011547503992915154
  ],
  "image_size": [
    1080,
    1920
  ]
}