{
  "orientation": [
    [
      0.997526822247669,
      -0.04977369095737241,
      0.0496267930149385
    ],
    [
      -0.018839460296371544,
      -0.8695664216095312,
      -0.4934564956963646
    ],
    [
      0.06771494393565576,
      0.4913011480728239,
      -0.8683535387560276
    ]
  ],
  "position": [
    -0.7159285403975091,
    -6.194986982374279,
    13.748813405668956
  ],
  "focal_length": 1404.8856201171875,
  "principal_point": [
    615.7135620117188,
    1005.7840576171875
  ],
  "skew": 0.0,
  "pixel_aspect_ratio": 1.0,
  "radial_distortion": [
    0.08090346306562424,
    -0.26827719807624817,
    0.0
  ],
  "tangential_distortion": [
    0.005374678876250982,
    0.011547503992915154
  ],
  "image_size": [
    1080,
    1920
  ]
}