{
  "orientation": [
    [
      0.9961255054130626,
      -0.0672538563102076,
      -0.05666477103965527
    ],
    [
      -0.05429428323375075,
      -0.9771838230028596,
      0.2053385177448431
    ],
    [
      -0.06918170476147475,
      -0.20146636164114828,
      -0.9770492294932606
    ]
  ],
  "position": [
    1.4500022332722808,
    5.042928996135861,
    13.748813405668956
  ],
  "focal_length": 1404.8856201171875,
  "principal_point": [
    615.7135620117188,
    1005.7840576171875
  ],
  "skew": 0.0,
  "pixel_aspect_ratio": 1.0,
  "radial_distortion": [
    0.08090346306562424,
    -0.26827719807624817,
    0.0
  ],
  "tangential_distortion": [
    0.005374678876250982,
    0.011547503992915154
  ],
  "image_size": [
    1080,
    1920
  ]
}