{
  "orientation": [
    [
      0.9655719899525405,
      -0.09605832203607303,
      -0.24175096894677645
    ],
    [
      -0.18787790557039377,
      -0.9002812764237834,
      -0.3926773687383136
    ],
    [
      -0.1799239417575476,
      0.4245779340573146,
      -0.8873336199502694
    ]
  ],
  "position": [
    3.371005528793541,
    -4.92418255329368,
    13.748813405668956
  ],
  "focal_length": 1404.8856201171875,
  "principal_point": [
    615.7135620117188,
    1005.7840576171875
  ],
  "skew": 0.0,
  "pixel_aspect_ratio": 1.0,
  "radial_distortion": [
    0.08090346306562424,
    -0.26827719807624817,
    0.0
  ],
  "tangential_distortion": [
    0.005374678876250982,
    0.011547503992915154
  ],
  "image_size": [
    1080,
    1920
  ]
}