{
  "orientation": [
    [
      0.942885552061971,
      -0.106923185637806,
      -0.3154905198034566
    ],
    [
      -0.11584965815957302,
      -0.9932201828235996,
      -0.00961899870907948
    ],
    [
      -0.31232305777368097,
      0.045619083779910245,
      -0.9488799749061941
    ]
  ],
  "position": [
    5.210743503375677,
    1.3413895896406556,
    13.748813405668956
  ],
  "focal_length": 1404.8856201171875,
  "principal_point": [
    615.7135620117188,
    1005.7840576171875
  ],
  "skew": 0.0,
  "pixel_aspect_ratio": 1.0,
  "radial_distortion": [
    0.08090346306562424,
    -0.26827719807624817,
    0.0
  ],
  "tangential_distortion": [
    0.005374678876250982,
    0.011547503992915154
  ],
  "image_size": [
    1080,
    1920
  ]
}