{
  "orientation": [
    [
      0.9609354057841631,
      -0.09857646405155268,
      -0.2586229429991057
    ],
    [
      -0.19407064570527627,
      -0.906201956073765,
      -0.375678851259449
    ],
    [
      -0.19733152405523774,
      0.41119423092156215,
      -0.8899323424119735
    ]
  ],
  "position": [
    3.647133069354455,
    -4.684916677386664,
    13.748813405668956
  ],
  "focal_length": 1404.8856201171875,
  "principal_point": [
    615.7135620117188,
    1005.7840576171875
  ],
  "skew": 0.0,
  "pixel_aspect_ratio": 1.0,
  "radial_distortion": [
    0.08090346306562424,
    -0.26827719807624817,
    0.0
  ],
  "tangential_distortion": [
    0.005374678876250982,
    0.011547503992915154
  ],
  "image_size": [
    1080,
    1920
  ]
}