{
  "orientation": [
    [
      0.9658477995938648,
      -0.013378660954280955,
      0.25876444781066804
    ],
    [
      -0.051797537139216344,
      -0.9884774557843925,
      0.14222986519126699
    ],
    [
      0.2538799778753753,
      -0.15077576342729915,
      -0.9554117573051496
    ]
  ],
  "position": [
    -3.449005830519442,
    4.338557974456269,
    13.748813405668956
  ],
  "focal_length": 1404.8856201171875,
  "principal_point": [
    615.7135620117188,
    1005.7840576171875
  ],
  "skew": 0.0,
  "pixel_aspect_ratio": 1.0,
  "radial_distortion": [
    0.08090346306562424,
    -0.26827719807624817,
    0.0
  ],
  "tangential_distortion": [
    0.005374678876250982,
    0.011547503992915154
  ],
  "image_size": [
    1080,
    1920
  ]
}