{
  "orientation": [
    [
      0.9322624583229472,
      -0.11106770196669181,
      -0.3443118853328959
    ],
    [
      -0.15855526130002875,
      -0.980874395267022,
      -0.11289663335827796
    ],
    [
      -0.3251875426822724,
      0.1598417538986355,
      -0.9320427435449907
    ]
  ],
  "position": [
    5.498226309240918,
    -0.4552508804538375,
    13.748813405668956
  ],
  "focal_length": 1404.8856201171875,
  "principal_point": [
    615.7135620117188,
    1005.7840576171875
  ],
  "skew": 0.0,
  "pixel_aspect_ratio": 1.0,
  "radial_distortion": [
    0.08090346306562424,
    -0.26827719807624817,
    0.0
  ],
  "tangential_distortion": [
    0.005374678876250982,
    0.011547503992915154
  ],
  "image_size": [
    1080,
    1920
  ]
}