{
  "orientation": [
    [
      0.9793310932630586,
      -0.08707828476412759,
      -0.18255953026539046
    ],
    [
      -0.1602607796189714,
      -0.8847165721300833,
      -0.4377134559438565
    ],
    [
      -0.12339810486430489,
      0.4579235299926533,
      -0.880385681616282
    ]
  ],
  "position": [
    2.459644524584922,
    -5.530523442104474,
    13.748813405668956
  ],
  "focal_length": 1404.8856201171875,
  "principal_point": [
    615.7135620117188,
    1005.7840576171875
  ],
  "skew": 0.0,
  "pixel_aspect_ratio": 1.0,
  "radial_distortion": [
    0.08090346306562424,
    -0.26827719807624817,
    0.0
  ],
  "tangential_distortion": [
    0.005374678876250982,
    0.011547503992915154
  ],
  "image_size": [
    1080,
    1920
  ]
}