{
  "orientation": [
    [
      0.9907990789615613,
      -0.07607621812189988,
      -0.11193566976255204
    ],
    [
      -0.12033338248345388,
      -0.8737163770246973,
      -0.4713168462710915
    ],
    [
      -0.061944024643324415,
      0.48044989494754387,
      -0.8748318902828595
    ]
  ],
  "position": [
    1.4500022332722808,
    -5.953430757043535,
    13.748813405668956
  ],
  "focal_length": 1404.8856201171875,
  "principal_point": [
    615.7135620117188,
    1005.7840576171875
  ],
  "skew": 0.0,
  "pixel_aspect_ratio": 1.0,
  "radial_distortion": [
    0.08090346306562424,
    -0.26827719807624817,
    0.0
  ],
  "tangential_distortion": [
    0.005374678876250982,
    0.011547503992915154
  ],
  "image_size": [
    1080,
    1920
  ]
}