{
  "orientation": [
    [
      0.9936584784396016,
      -0.07201538340900841,
      -0.08635168080326552
    ],
    [
      -0.10481191212027413,
      -0.8712897893804367,
      -0.4794461033307978
    ],
    [
      -0.040709842824401446,
      0.48545637030926647,
      -0.8733125564328986
    ]
  ],
  "position": [
    1.0978440928466213,
    -6.050792054085598,
    13.748813405668956
  ],
  "focal_length": 1404.8856201171875,
  "principal_point": [
    615.7135620117188,
    1005.7840576171875
  ],
  "skew": 0.0,
  "pixel_aspect_ratio": 1.0,
  "radial_distortion": [
    0.08090346306562424,
    -0.26827719807624817,
    0.0
  ],
  "tangential_distortion": [
    0.005374678876250982,
    0.011547503992915154
  ],
  "image_size": [
    1080,
    1920
  ]
}