{
  "orientation": [
    [
      0.9358280479554894,
      -0.10972676086775424,
      -0.33494164060219345
    ],
    [
      -0.19720550126465752,
      -0.9506416686590217,
      -0.2395629522278976
    ],
    [
      -0.29212301335357577,
      0.29024206407524994,
      -0.9112758579653941
    ]
  ],
  "position": [
    5.0857799119909215,
    -2.595225996131899,
    13.748813405668956
  ],
  "focal_length": 1404.8856201171875,
  "principal_point": [
    615.7135620117188,
    1005.7840576171875
  ],
  "skew": 0.0,
  "pixel_aspect_ratio": 1.0,
  "radial_distortion": [
    0.08090346306562424,
    -0.26827719807624817,
    0.0
  ],
  "tangential_distortion": [
    0.005374678876250982,
    0.011547503992915154
  ],
  "image_size": [
    1080,
    1920
  ]
}