{
  "orientation": [
    [
      0.9315469203964798,
      -0.1113312141350294,
      -0.34615848373115876
    ],
    [
      -0.16656301620785552,
      -0.9768755425901746,
      -0.13405571946356426
    ],
    [
      -0.3232291706074443,
      0.18253639376401737,
      -0.9285490661349304
    ]
  ],
  "position": [
    5.48663390278619,
    -0.8204360309492542,
    13.748813405668956
  ],
  "focal_length": 1404.8856201171875,
  "principal_point": [
    615.7135620117188,
    1005.7840576171875
  ],
  "skew": 0.0,
  "pixel_aspect_ratio": 1.0,
  "radial_distortion": [
    0.08090346306562424,
    -0.26827719807624817,
    0.0
  ],
  "tangential_distortion": [
    0.005374678876250982,
    0.011547503992915154
  ],
  "image_size": [
    1080,
    1920
  ]
}