{
  "orientation": [
    [
      0.9519007529407949,
      -0.0047025914435117454,
      0.30637043294754013
    ],
    [
      0.11722669400014846,
      -0.9182219432999024,
      -0.37832045286548577
    ],
    [
      0.28309514083527354,
      0.39603831692939273,
      -0.8735048899457807
    ]
  ],
  "position": [
    -4.298603755753239,
    -4.5588340339629925,
    13.748813405668956
  ],
  "focal_length": 1404.8856201171875,
  "principal_point": [
    615.7135620117188,
    1005.7840576171875
  ],
  "skew": 0.0,
  "pixel_aspect_ratio": 1.0,
  "radial_distortion": [
    0.08090346306562424,
    -0.26827719807624817,
    0.0
  ],
  "tangential_distortion": [
    0.005374678876250982,
    0.011547503992915154
  ],
  "image_size": [
    1080,
    1920
  ]
}