{
  "orientation": [
    [
      0.9903423540612994,
      -0.035408358353096706,
      0.13404577543161275
    ],
    [
      -0.06238654519631957,
      -0.9772350545771399,
      0.20277960223869146
    ],
    [
      0.12381413784698113,
      -0.2091838814640197,
      -0.9700062695698702
    ]
  ],
  "position": [
    -1.4388647248312652,
    5.180542690201484,
    13.748813405668956
  ],
  "focal_length": 1404.8856201171875,
  "principal_point": [
    615.7135620117188,
    1005.7840576171875
  ],
  "skew": 0.0,
  "pixel_aspect_ratio": 1.0,
  "radial_distortion": [
    0.08090346306562424,
    -0.26827719807624817,
    0.0
  ],
  "tangential_distortion": [
    0.005374678876250982,
    0.011547503992915154
  ],
  "image_size": [
    1080,
    1920
  ]
}