{
  "orientation": [
    [
      0.9891029845251609,
      -0.07810319545336167,
      -0.12480054832969772
    ],
    [
      -0.05461892402604743,
      -0.9818565329933506,
      0.18158888114781152
    ],
    [
      -0.1367189055751109,
      -0.1727936326322563,
      -0.975423139657909
    ]
  ],
  "position": [
    2.4596445245849208,
    4.6200216811968,
    13.748813405668956
  ],
  "focal_length": 1404.8856201171875,
  "principal_point": [
    615.7135620117188,
    1005.7840576171875
  ],
  "skew": 0.0,
  "pixel_aspect_ratio": 1.0,
  "radial_distortion": [
    0.08090346306562424,
    -0.26827719807624817,
    0.0
  ],
  "tangential_distortion": [
    0.005374678876250982,
    0.011547503992915154
  ],
  "image_size": [
    1080,
    1920
  ]
}