{
  "orientation": [
    [
      0.9958944801186416,
      -0.06778973910023411,
      -0.059989463591058806
    ],
    [
      -0.08845654277992754,
      -0.8695388974323234,
      -0.48587811835027317
    ],
    [
      -0.019225621151048092,
      0.4891897966279564,
      -0.8719654341580604
    ]
  ],
  "position": [
    0.7402199256094393,
    -6.125622081732835,
    13.748813405668956
  ],
  "focal_length": 1404.8856201171875,
  "principal_point": [
    615.7135620117188,
    1005.7840576171875
  ],
  "skew": 0.0,
  "pixel_aspect_ratio": 1.0,
  "radial_distortion": [
    0.08090346306562424,
    -0.26827719807624817,
    0.0
  ],
  "tangential_distortion": [
    0.005374678876250982,
    0.011547503992915154
  ],
  "image_size": [
    1080,
    1920
  ]
}