{
  "orientation": [
    [
      0.9137367329366147,
      0.013987176547124282,
      0.4060659327923989
    ],
    [
      0.07108026872389611,
      -0.9894979995234131,
      -0.1258622434938376
    ],
    [
      0.40004097075232203,
      0.14386823079263514,
      -0.9051348815994977
    ]
  ],
  "position": [
    -6.0145664935245104,
    -0.2725663312783724,
    13.748813405668956
  ],
  "focal_length": 1404.8856201171875,
  "principal_point": [
    615.7135620117188,
    1005.7840576171875
  ],
  "skew": 0.0,
  "pixel_aspect_ratio": 1.0,
  "radial_distortion": [
    0.08090346306562424,
    -0.26827719807624817,
    0.0
  ],
  "tangential_distortion": [
    0.005374678876250982,
    0.011547503992915154
  ],
  "image_size": [
    1080,
    1920
  ]
}