{
  "orientation": [
    [
      0.99076319648194,
      -0.03597843582781116,
      0.13074341533045855
    ],
    [
      0.03148113487022945,
      -0.8767910340007893,
      -0.4798399950432529
    ],
    [
      0.1318985467856683,
      0.47952375838034417,
      -0.8675596455026121
    ]
  ],
  "position": [
    -1.7939346413166384,
    -6.004905421413905,
    13.748813405668956
  ],
  "focal_length": 1404.8856201171875,
  "principal_point": [
    615.7135620117188,
    1005.7840576171875
  ],
  "skew": 0.0,
  "pixel_aspect_ratio": 1.0,
  "radial_distortion": [
    0.08090346306562424,
    -0.26827719807624817,
    0.0
  ],
  "tangential_distortion": [
    0.005374678876250982,
    0.011547503992915154
  ],
  "image_size": [
    1080,
    1920
  ]
}