{
  "orientation": [
    [
      0.9751846016017102,
      -0.02024910539618321,
      0.2204653408805292
    ],
    [
      -0.05820833624441893,
      -0.9842244623730599,
      0.16707482532720994
    ],
    [
      0.21360426585293268,
      -0.17576171766660484,
      -0.9609792069614796
    ]
  ],
  "position": [
    -2.8164865956916945,
    4.703743124951686,
    13.748813405668956
  ],
  "focal_length": 1404.8856201171875,
  "principal_point": [
    615.7135620117188,
    1005.7840576171875
  ],
  "skew": 0.0,
  "pixel_aspect_ratio": 1.0,
  "radial_distortion": [
    0.08090346306562424,
    -0.26827719807624817,
    0.0
  ],
  "tangential_distortion": [
    0.005374678876250982,
    0.011547503992915154
  ],
  "image_size": [
    1080,
    1920
  ]
}