{
  "orientation": [
    [
      0.933481186433317,
      -0.11061465547284027,
      -0.34114113291960535
    ],
    [
      -0.15020737810460966,
      -0.9843799886446254,
      -0.09183562227668483
    ],
    [
      -0.32565413883134636,
      0.13696874077917176,
      -0.93551533707972
    ]
  ],
  "position": [
    5.48663390278619,
    -0.09006572995842094,
    13.748813405668956
  ],
  "focal_length": 1404.8856201171875,
  "principal_point": [
    615.7135620117188,
    1005.7840576171875
  ],
  "skew": 0.0,
  "pixel_aspect_ratio": 1.0,
  "radial_distortion": [
    0.08090346306562424,
    -0.26827719807624817,
    0.0
  ],
  "tangential_distortion": [
    0.005374678876250982,
    0.011547503992915154
  ],
  "image_size": [
    1080,
    1920
  ]
}