{
  "orientation": [
    [
      0.9979001903184339,
      -0.05150614064441606,
      0.03927247940162465
    ],
    [
      -0.05881266641410765,
      -0.9745617391456742,
      0.21626485350750282
    ],
    [
      0.0271344878650085,
      -0.21812045770462796,
      -0.9755445584385304
    ]
  ],
  "position": [
    0.014349827184607034,
    5.296073250248145,
    13.748813405668956
  ],
  "focal_length": 1404.8856201171875,
  "principal_point": [
    615.7135620117188,
    1005.7840576171875
  ],
  "skew": 0.0,
  "pixel_aspect_ratio": 1.0,
  "radial_distortion": [
    0.08090346306562424,
    -0.26827719807624817,
    0.0
  ],
  "tangential_distortion": [
    0.005374678876250982,
    0.011547503992915154
  ],
  "image_size": [
    1080,
    1920
  ]
}