{
  "orientation": [
    [
      0.9223568209776939,
      0.01020464407496584,
      0.3862042983127268
    ],
    [
      0.022305039912221148,
      -0.9993902339235415,
      -0.026863460923030335
    ],
    [
      0.3856946719756919,
      0.0333919987055615,
      -0.9220220140712537
    ]
  ],
  "position": [
    -5.670224733712488,
    1.5140483711404447,
    13.748813405668956
  ],
  "focal_length": 1404.8856201171875,
  "principal_point": [
    615.7135620117188,
    1005.7840576171875
  ],
  "skew": 0.0,
  "pixel_aspect_ratio": 1.0,
  "radial_distortion": [
    0.08090346306562424,
    -0.26827719807624817,
    0.0
  ],
  "tangential_distortion": [
    0.005374678876250982,
    0.011547503992915154
  ],
  "image_size": [
    1080,
    1920
  ]
}