{
  "orientation": [
    [
      0.9416422915026667,
      0.0008904761810248398,
      0.3366140251174601
    ],
    [
      -0.02224916688014485,
      -0.9976450809464023,
      0.06487886432873237
    ],
    [
      0.33587909941933936,
      -0.0685820640956338,
      -0.9394049877755791
    ]
  ],
  "position": [
    -4.78559203135168,
    3.1040132526278685,
    13.748813405668956
  ],
  "focal_length": 1404.8856201171875,
  "principal_point": [
    615.7135620117188,
    1005.7840576171875
  ],
  "skew": 0.0,
  "pixel_aspect_ratio": 1.0,
  "radial_distortion": [
    0.08090346306562424,
    -0.26827719807624817,
    0.0
  ],
  "tangential_distortion": [
    0.005374678876250982,
    0.011547503992915154
  ],
  "image_size": [
    1080,
    1920
  ]
}