{
  "orientation": [
    [
      0.9560466386817171,
      -0.007131482275166855,
      0.29312790147979617
    ],
    [
      -0.04222878827987859,
      -0.9926308905446773,
      0.11358100447211139
    ],
    [
      0.2901578089691941,
      -0.12096717363417062,
      -0.9493025802119981
    ]
  ],
  "position": [
    -4.030206645504966,
    3.8962386449785686,
    13.748813405668956
  ],
  "focal_length": 1404.8856201171875,
  "principal_point": [
    615.7135620117188,
    1005.7840576171875
  ],
  "skew": 0.0,
  "pixel_aspect_ratio": 1.0,
  "radial_distortion": [
    0.08090346306562424,
    -0.26827719807624817,
    0.0
  ],
  "tangential_distortion": [
    0.005374678876250982,
    0.011547503992915154
  ],
  "image_size": [
    1080,
    1920
  ]
}