{
  "orientation": [
    [
      0.9734294272339995,
      -0.018867753277523568,
      0.2282085845912599
    ],
    [
      0.0855525813977379,
      -0.8944641308095318,
      -0.4388788836471088
    ],
    [
      0.21240505175506338,
      0.44674145384260855,
      -0.8690835215372119
    ]
  ],
  "position": [
    -3.13854241633293,
    -5.441691629092441,
    13.748813405668956
  ],
  "focal_length": 1404.8856201171875,
  "principal_point": [
    615.7135620117188,
    1005.7840576171875
  ],
  "skew": 0.0,
  "pixel_aspect_ratio": 1.0,
  "radial_distortion": [
    0.08090346306562424,
    -0.26827719807624817,
    0.0
  ],
  "tangential_distortion": [
    0.005374678876250982,
    0.011547503992915154
  ],
  "image_size": [
    1080,
    1920
  ]
}