{
  "orientation": [
    [
      0.9399189552941078,
      -0.10812734976519976,
      -0.323822225475008
    ],
    [
      -0.12434729900729824,
      -0.9917924048897362,
      -0.029758609386576568
    ],
    [
      -0.3179467041949363,
      0.06823710014198606,
      -0.9456498249647118
    ]
  ],
  "position": [
    5.313679873644934,
    0.9908205069970739,
    13.748813405668956
  ],
  "focal_length": 1404.8856201171875,
  "principal_point": [
    615.7135620117188,
    1005.7840576171875
  ],
  "skew": 0.0,
  "pixel_aspect_ratio": 1.0,
  "radial_distortion": [
    0.08090346306562424,
    -0.26827719807624817,
    0.0
  ],
  "tangential_distortion": [
    0.005374678876250982,
    0.011547503992915154
  ],
  "image_size": [
    1080,
    1920
  ]
}