{
  "orientation": [
    [
      0.9186734662385462,
      0.011845533894176785,
      0.3948401521578277
    ],
    [
      0.11000211672332998,
      -0.967683444317929,
      -0.2269103036650746
    ],
    [
      0.37939240470209934,
      0.2518897276979579,
      -0.8902881378152846
    ]
  ],
  "position": [
    -5.784232112422679,
    -2.07742350438985,
    13.748813405668956
  ],
  "focal_length": 1404.8856201171875,
  "principal_point": [
    615.7135620117188,
    1005.7840576171875
  ],
  "skew": 0.0,
  "pixel_aspect_ratio": 1.0,
  "radial_distortion": [
    0.08090346306562424,
    -0.26827719807624817,
    0.0
  ],
  "tangential_distortion": [
    0.005374678876250982,
    0.011547503992915154
  ],
  "image_size": [
    1080,
    1920
  ]
}