{
  "orientation": [
    [
      0.937338727896993,
      -0.1091440170665988,
      -0.33088320102872054
    ],
    [
      -0.13298318407264387,
      -0.9898455168793201,
      -0.05021280183193313
    ],
    [
      -0.32204282624885167,
      0.09106830542223598,
      -0.9423348565181988
    ]
  ],
  "position": [
    5.394174534366364,
    0.634428605258113,
    13.748813405668956
  ],
  "focal_length": 1404.8856201171875,
  "principal_point": [
    615.7135620117188,
    1005.7840576171875
  ],
  "skew": 0.0,
  "pixel_aspect_ratio": 1.0,
  "radial_distortion": [
    0.08090346306562424,
    -0.26827719807624817,
    0.0
  ],
  "tangential_distortion": [
    0.005374678876250982,
    0.011547503992915154
  ],
  "image_size": [
    1080,
    1920
  ]
}