{
  "orientation": [
    [
      0.9536558682142877,
      -0.10218390381360011,
      -0.28301755214450225
    ],
    [
      -0.09224008393237661,
      -0.994565770476495,
      0.04827727325195609
    ],
    [
      -0.28641273005332923,
      -0.019934342173967938,
      -0.9578989352042782
    ]
  ],
  "position": [
    4.771870472684023,
    2.344194962765236,
    13.748813405668956
  ],
  "focal_length": 1404.8856201171875,
  "principal_point": [
    615.7135620117188,
    1005.7840576171875
  ],
  "skew": 0.0,
  "pixel_aspect_ratio": 1.0,
  "radial_distortion": [
    0.08090346306562424,
    -0.26827719807624817,
    0.0
  ],
  "tangential_distortion": [
    0.005374678876250982,
    0.011547503992915154
  ],
  "image_size": [
    1080,
    1920
  ]
}