{
  "orientation": [
    [
      0.9576968954712765,
      -0.10022846733252697,
      -0.2697608398949922
    ],
    [
      -0.08530903087900314,
      -0.9941325764569626,
      0.0665040576019723
    ],
    [
      -0.27484363855684263,
      -0.040677693681104084,
      -0.9606280755743202
    ]
  ],
  "position": [
    4.584188627281592,
    2.6576755888589525,
    13.748813405668956
  ],
  "focal_length": 1404.8856201171875,
  "principal_point": [
    615.7135620117188,
    1005.7840576171875
  ],
  "skew": 0.0,
  "pixel_aspect_ratio": 1.0,
  "radial_distortion": [
    0.08090346306562424,
    -0.26827719807624817,
    0.0
  ],
  "tangential_distortion": [
    0.005374678876250982,
    0.011547503992915154
  ],
  "image_size": [
    1080,
    1920
  ]
}