{
  "orientation": [
    [
      0.9316799309531967,
      -0.11128236715808432,
      -0.34581605084024075
    ],
    [
      -0.18106279337245695,
      -0.9675096720281797,
      -0.17646897570985953
    ],
    [
      -0.314942488583566,
      0.22702702326290886,
      -0.9215584406825066
    ]
  ],
  "position": [
    5.394174534366364,
    -1.5449303661657854,
    13.748813405668956
  ],
  "focal_length": 1404.8856201171875,
  "principal_point": [
    615.7135620117188,
    1005.7840576171875
  ],
  "skew": 0.0,
  "pixel_aspect_ratio": 1.0,
  "radial_distortion": [
    0.08090346306562424,
    -0.26827719807624817,
    0.0
  ],
  "tangential_distortion": [
    0.005374678876250982,
    0.011547503992915154
  ],
  "image_size": [
    1080,
    1920
  ]
}