{
  "orientation": [
    [
      0.9150179336670081,
      0.013437437868759696,
      0.40318930582454937
    ],
    [
      0.09656009718236061,
      -0.977687952577336,
      -0.18655405387519702
    ],
    [
      0.3916865184045678,
      0.20963230344739348,
      -0.8958995304449312
    ]
  ],
  "position": [
    -5.945140382565435,
    -1.364998557346931,
    13.748813405668956
  ],
  "focal_length": 1404.8856201171875,
  "principal_point": [
    615.7135620117188,
    1005.7840576171875
  ],
  "skew": 0.0,
  "pixel_aspect_ratio": 1.0,
  "radial_distortion": [
    0.08090346306562424,
    -0.26827719807624817,
    0.0
  ],
  "tangential_distortion": [
    0.005374678876250982,
    0.011547503992915154
  ],
  "image_size": [
    1080,
    1920
  ]
}