{
  "orientation": [
    [
      0.997440244092557,
      -0.06342380169648569,
      -0.0330209152348179
    ],
    [
      -0.07146353371200842,
      -0.8684841937326352,
      -0.49053865146996034
    ],
    [
      0.002433683211267762,
      0.4916427835481158,
      -0.8707935751778878
    ]
  ],
  "position": [
    0.3785697578609865,
    -6.177619525874702,
    13.748813405668956
  ],
  "focal_length": 1404.8856201171875,
  "principal_point": [
    615.7135620117188,
    1005.7840576171875
  ],
  "skew": 0.0,
  "pixel_aspect_ratio": 1.0,
  "radial_distortion": [
    0.08090346306562424,
    -0.26827719807624817,
    0.0
  ],
  "tangential_distortion": [
    0.005374678876250982,
    0.011547503992915154
  ],
  "image_size": [
    1080,
    1920
  ]
}