{
  "orientation": [
    [
      0.970246707494488,
      -0.09330123237758106,
      -0.22341935151846154
    ],
    [
      -0.18016043242568283,
      -0.8946825007579109,
      -0.4087608609269749
    ],
    [
      -0.1617514920620402,
      0.4368502064488414,
      -0.8848719409842921
    ]
  ],
  "position": [
    3.080258742616711,
    -5.145453618635761,
    13.748813405668956
  ],
  "focal_length": 1404.8856201171875,
  "principal_point": [
    615.7135620117188,
    1005.7840576171875
  ],
  "skew": 0.0,
  "pixel_aspect_ratio": 1.0,
  "radial_distortion": [
    0.08090346306562424,
    -0.26827719807624817,
    0.0
  ],
  "tangential_distortion": [
    0.005374678876250982,
    0.011547503992915154
  ],
  "image_size": [
    1080,
    1920
  ]
}