{
  "orientation": [
    [
      0.9748658712234973,
      -0.09030658717755295,
      -0.20366947104559985
    ],
    [
      -0.17093942385976874,
      -0.8894731156575136,
      -0.42381280052991066
    ],
    [
      -0.14288543135723022,
      0.44797577706262043,
      -0.8825539398082136
    ]
  ],
  "position": [
    2.7760634455146405,
    -5.34783889292901,
    13.748813405668956
  ],
  "focal_length": 1404.8856201171875,
  "principal_point": [
    615.7135620117188,
    1005.7840576171875
  ],
  "skew": 0.0,
  "pixel_aspect_ratio": 1.0,
  "radial_distortion": [
    0.08090346306562424,
    -0.26827719807624817,
    0.0
  ],
  "tangential_distortion": [
    0.005374678876250982,
    0.011547503992915154
  ],
  "image_size": [
    1080,
    1920
  ]
}