{
  "orientation": [
    [
      0.9835172158588678,
      -0.02763551436431965,
      0.17869013530422087
    ],
    [
      -0.06160528480513667,
      -0.9803379877698517,
      0.18746257925099577
    ],
    [
      0.16999610287679914,
      -0.19538093069994666,
      -0.9658817820652398
    ]
  ],
  "position": [
    -2.142826412286344,
    4.985918130690518,
    13.748813405668956
  ],
  "focal_length": 1404.8856201171875,
  "principal_point": [
    615.7135620117188,
    1005.7840576171875
  ],
  "skew": 0.0,
  "pixel_aspect_ratio": 1.0,
  "radial_distortion": [
    0.08090346306562424,
    -0.26827719807624817,
    0.0
  ],
  "tangential_distortion": [
    0.005374678876250982,
    0.011547503992915154
  ],
  "image_size": [
    1080,
    1920
  ]
}