{
  "orientation": [
    [
      0.9414939458448932,
      0.0009675784999578047,
      0.33702850581109567
    ],
    [
      0.12377251975572484,
      -0.9311130778557879,
      -0.3430871603532261
    ],
    [
      0.31347968561093725,
      0.3647293517634247,
      -0.8767570853272302
    ]
  ],
  "position": [
    -4.78559203135168,
    -4.014515013535544,
    13.748813405668956
  ],
  "focal_length": 1404.8856201171875,
  "principal_point": [
    615.7135620117188,
    1005.7840576171875
  ],
  "skew": 0.0,
  "pixel_aspect_ratio": 1.0,
  "radial_distortion": [
    0.08090346306562424,
    -0.26827719807624817,
    0.0
  ],
  "tangential_distortion": [
    0.005374678876250982,
    0.011547503992915154
  ],
  "image_size": [
    1080,
    1920
  ]
}