{
  "orientation": [
    [
      0.9830157624139696,
      -0.027141625155845645,
      0.18150301107579894
    ],
    [
      0.06093172871800755,
      -0.8846323271649196,
      -0.46229100161068865
    ],
    [
      0.17311076015406193,
      0.46549863363782085,
      -0.8679537354031058
    ]
  ],
  "position": [
    -2.4841351737178567,
    -5.766024694601299,
    13.748813405668956
  ],
  "focal_length": 1404.8856201171875,
  "principal_point": [
    615.7135620117188,
    1005.7840576171875
  ],
  "skew": 0.0,
  "pixel_aspect_ratio": 1.0,
  "radial_distortion": [
    0.08090346306562424,
    -0.26827719807624817,
    0.0
  ],
  "tangential_distortion": [
    0.005374678876250982,
    0.011547503992915154
  ],
  "image_size": [
    1080,
    1920
  ]
}