{
  "orientation": [
    [
      0.9136015945242335,
      0.014044920998880989,
      0.4063678957261672
    ],
    [
      0.08012572432618238,
      -0.9860254400380608,
      -0.14606060351427008
    ],
    [
      0.3986376735633281,
      0.16600172225577473,
      -0.9019597737283708
    ]
  ],
  "position": [
    -6.0145664935245104,
    -0.6379354296293037,
    13.748813405668956
  ],
  "focal_length": 1404.8856201171875,
  "principal_point": [
    615.7135620117188,
    1005.7840576171875
  ],
  "skew": 0.0,
  "pixel_aspect_ratio": 1.0,
  "radial_distortion": [
    0.08090346306562424,
    -0.26827719807624817,
    0.0
  ],
  "tangential_distortion": [
    0.005374678876250982,
    0.011547503992915154
  ],
  "image_size": [
    1080,
    1920
  ]
}