{
  "orientation": [
    [
      0.948087423109775,
      -0.10471174601188989,
      -0.3002760203349709
    ],
    [
      -0.20361879232945607,
      -0.9251828508431676,
      -0.3202750066989354
    ],
    [
      -0.24427366937793418,
      0.3647905464137616,
      -0.8984755042269039
    ]
  ],
  "position": [
    4.377002476111051,
    -3.86912331965642,
    13.748813405668956
  ],
  "focal_length": 1404.8856201171875,
  "principal_point": [
    615.7135620117188,
    1005.7840576171875
  ],
  "skew": 0.0,
  "pixel_aspect_ratio": 1.0,
  "radial_distortion": [
    0.08090346306562424,
    -0.26827719807624817,
    0.0
  ],
  "tangential_distortion": [
    0.005374678876250982,
    0.011547503992915154
  ],
  "image_size": [
    1080,
    1920
  ]
}