{
  "orientation": [
    [
      0.9871470635385019,
      -0.031482531573405165,
      0.15668288085506454
    ],
    [
      -0.06228844454924634,
      -0.9786655791874104,
      0.19579028011984148
    ],
    [
      0.14717616866513503,
      -0.2030333330256391,
      -0.9680478506032394
    ]
  ],
  "position": [
    -1.7939346413166408,
    5.09440366050623,
    13.748813405668956
  ],
  "focal_length": 1404.8856201171875,
  "principal_point": [
    615.7135620117188,
    1005.7840576171875
  ],
  "skew": 0.0,
  "pixel_aspect_ratio": 1.0,
  "radial_distortion": [
    0.08090346306562424,
    -0.26827719807624817,
    0.0
  ],
  "tangential_distortion": [
    0.005374678876250982,
    0.011547503992915154
  ],
  "image_size": [
    1080,
    1920
  ]
}