{
  "orientation": [
    [
      0.9244684922017319,
      0.009246235212174376,
      0.38114631581671815
    ],
    [
      0.11954860637998471,
      -0.9563181757583755,
      -0.2667652103006987
    ],
    [
      0.3620305755580042,
      0.29218154262131907,
      -0.8851913965423334
    ]
  ],
  "position": [
    -5.534430757396982,
    -2.763747086672118,
    13.748813405668956
  ],
  "focal_length": 1404.8856201171875,
  "principal_point": [
    615.7135620117188,
    1005.7840576171875
  ],
  "skew": 0.0,
  "pixel_aspect_ratio": 1.0,
  "radial_distortion": [
    0.08090346306562424,
    -0.26827719807624817,
    0.0
  ],
  "tangential_distortion": [
    0.005374678876250982,
    0.011547503992915154
  ],
  "image_size": [
    1080,
    1920
  ]
}