{
  "orientation": [
    [
      0.9974413715614864,
      -0.06341957873323856,
      -0.032994959173171794
    ],
    [
      -0.055102055227013017,
      -0.976069650797332,
      0.210361118798445
    ],
    [
      -0.04554639181428015,
      -0.20800479279495662,
      -0.9770668003606648
    ]
  ],
  "position": [
    1.0978440928466204,
    5.140290293177923,
    13.748813405668956
  ],
  "focal_length": 1404.8856201171875,
  "principal_point": [
    615.7135620117188,
    1005.7840576171875
  ],
  "skew": 0.0,
  "pixel_aspect_ratio": 1.0,
  "radial_distortion": [
    0.08090346306562424,
    -0.26827719807624817,
    0.0
  ],
  "tangential_distortion": [
    0.005374678876250982,
    0.011547503992915154
  ],
  "image_size": [
    1080,
    1920
  ]
}