{
  "orientation": [
    [
      0.9329566185339956,
      0.005250940081966848,
      0.35995051821308466
    ],
    [
      -0.005737045566363981,
      -0.9995497539101048,
      0.029451243885753906
    ],
    [
      0.359943098616687,
      -0.029541785431897775,
      -0.9325064335819424
    ]
  ],
  "position": [
    -5.199755714800952,
    2.5024243399298607,
    13.748813405668956
  ],
  "focal_length": 1404.8856201171875,
  "principal_point": [
    615.7135620117188,
    1005.7840576171875
  ],
  "skew": 0.0,
  "pixel_aspect_ratio": 1.0,
  "radial_distortion": [
    0.08090346306562424,
    -0.26827719807624817,
    0.0
  ],
  "tangential_distortion": [
    0.005374678876250982,
    0.011547503992915154
  ],
  "image_size": [
    1080,
    1920
  ]
}