{
  "orientation": [
    [
      0.9873965992948674,
      -0.07995124224825165,
      -0.13658607016783414
    ],
    [
      -0.13484545385506352,
      -0.8767893930416624,
      -0.46158104794743837
    ],
    [
      -0.08285323937875369,
      0.4741815676643229,
      -0.8765199265343898
    ]
  ],
  "position": [
    1.7952763303469488,
    -5.833930230186774,
    13.748813405668956
  ],
  "focal_length": 1404.8856201171875,
  "principal_point": [
    615.7135620117188,
    1005.7840576171875
  ],
  "skew": 0.0,
  "pixel_aspect_ratio": 1.0,
  "radial_distortion": [
    0.08090346306562424,
    -0.26827719807624817,
    0.0
  ],
  "tangential_distortion": [
    0.005374678876250982,
    0.011547503992915154
  ],
  "image_size": [
    1080,
    1920
  ]
}