{
  "orientation": [
    [
      0.9156516788170458,
      0.013163964883084692,
      0.40175703243139704
    ],
    [
      0.05192814247081289,
      -0.994962563313598,
      -0.08574943512330202
    ],
    [
      0.3986044042644996,
      0.09937911064701342,
      -0.9117227217021368
    ]
  ],
  "position": [
    -5.945140382565436,
    0.4544967964392547,
    13.748813405668956
  ],
  "focal_length": 1404.8856201171875,
  "principal_point": [
    615.7135620117188,
    1005.7840576171875
  ],
  "skew": 0.0,
  "pixel_aspect_ratio": 1.0,
  "radial_distortion": [
    0.08090346306562424,
    -0.26827719807624817,
    0.0
  ],
  "tangential_distortion": [
    0.005374678876250982,
    0.011547503992915154
  ],
  "image_size": [
    1080,
    1920
  ]
}