{
  "orientation": [
    [
      0.9521178711093212,
      -0.10290025303292576,
      -0.2878942469727624
    ],
    [
      -0.20190938038408118,
      -0.918725426151161,
      -0.33937618280646054
    ],
    [
      -0.2295738696523855,
      0.38125467770130705,
      -0.8955114232122905
    ]
  ],
  "position": [
    4.151146284678101,
    -4.156322830138554,
    13.748813405668956
  ],
  "focal_length": 1404.8856201171875,
  "principal_point": [
    615.7135620117188,
    1005.7840576171875
  ],
  "skew": 0.0,
  "pixel_aspect_ratio": 1.0,
  "radial_distortion": [
    0.08090346306562424,
    -0.26827719807624817,
    0.0
  ],
  "tangential_distortion": [
    0.005374678876250982,
    0.011547503992915154
  ],
  "image_size": [
    1080,
    1920
  ]
}