{
  "orientation": [
    [
      0.9351821359615514,
      -0.10997320788685973,
      -0.3366604611852483
    ],
    [
      -0.14164278983254117,
      -0.9873738801055981,
      -0.07092348675629677
    ],
    [
      -0.3246100624855075,
      0.1140119047831829,
      -0.9389513261617267
    ]
  ],
  "position": [
    5.4519033619513335,
    0.273648948825774,
    13.748813405668956
  ],
  "focal_length": 1404.8856201171875,
  "principal_point": [
    615.7135620117188,
    1005.7840576171875
  ],
  "skew": 0.0,
  "pixel_aspect_ratio": 1.0,
  "radial_distortion": [
    0.08090346306562424,
    -0.26827719807624817,
    0.0
  ],
  "tangential_distortion": [
    0.005374678876250982,
    0.011547503992915154
  ],
  "image_size": [
    1080,
    1920
  ]
}