{
  "orientation": [
    [
      0.925505803313805,
      0.008770509098744304,
      0.3786318610505689
    ],
    [
      0.012643059969505828,
      -0.9998900948090638,
      -0.007742824893342401
    ],
    [
      0.37852233892740855,
      0.011953094698458925,
      -0.9255149714942777
    ]
  ],
  "position": [
    -5.534430757396982,
    1.8532453257644426,
    13.748813405668956
  ],
  "focal_length": 1404.8856201171875,
  "principal_point": [
    615.7135620117188,
    1005.7840576171875
  ],
  "skew": 0.0,
  "pixel_aspect_ratio": 1.0,
  "radial_distortion": [
    0.08090346306562424,
    -0.26827719807624817,
    0.0
  ],
  "tangential_distortion": [
    0.005374678876250982,
    0.011547503992915154
  ],
  "image_size": [
    1080,
    1920
  ]
}