{
  "orientation": [
    [
      0.9823479158306581,
      -0.08465197353422896,
      -0.16681311591095735
    ],
    [
      -0.05791113647057809,
      -0.9855616644794376,
      0.15910532920429327
    ],
    [
      -0.1778731922911611,
      -0.1466364514207864,
      -0.9730667390158144
    ]
  ],
  "position": [
    3.0802587426167127,
    4.234951857728086,
    13.748813405668956
  ],
  "focal_length": 1404.8856201171875,
  "principal_point": [
    615.7135620117188,
    1005.7840576171875
  ],
  "skew": 0.0,
  "pixel_aspect_ratio": 1.0,
  "radial_distortion": [
    0.08090346306562424,
    -0.26827719807624817,
    0.0
  ],
  "tangential_distortion": [
    0.005374678876250982,
    0.011547503992915154
  ],
  "image_size": [
    1080,
    1920
  ]
}