{
  "orientation": [
    [
      0.9213140421817432,
      0.01067309029952269,
      0.3886727683054159
    ],
    [
      0.11531625377742717,
      -0.962148504715555,
      -0.24692593320338352
    ],
    [
      0.37132546006633765,
      0.27231661722539086,
      -0.887671708848177
    ]
  ],
  "position": [
    -5.670224733712489,
    -2.424550132048118,
    13.748813405668956
  ],
  "focal_length": 1404.8856201171875,
  "principal_point": [
    615.7135620117188,
    1005.7840576171875
  ],
  "skew": 0.0,
  "pixel_aspect_ratio": 1.0,
  "radial_distortion": [
    0.08090346306562424,
    -0.26827719807624817,
    0.0
  ],
  "tangential_distortion": [
    0.005374678876250982,
    0.011547503992915154
  ],
  "image_size": [
    1080,
    1920
  ]
}