{
  "orientation": [
    [
      0.9919128395655741,
      -0.0746108730889718,
      -0.102674905998793
    ],
    [
      -0.05396366831140452,
      -0.9801248987805443,
      0.1909007734211793
    ],
    [
      -0.11487750522768306,
      -0.18381621366824274,
      -0.9762247478861282
    ]
  ],
  "position": [
    2.132276087144049,
    4.782269899052324,
    13.748813405668956
  ],
  "focal_length": 1404.8856201171875,
  "principal_point": [
    615.7135620117188,
    1005.7840576171875
  ],
  "skew": 0.0,
  "pixel_aspect_ratio": 1.0,
  "radial_distortion": [
    0.08090346306562424,
    -0.26827719807624817,
    0.0
  ],
  "tangential_distortion": [
    0.005374678876250982,
    0.011547503992915154
  ],
  "image_size": [
    1080,
    1920
  ]
}