{
  "orientation": [
    [
      0.931349719930315,
      -0.11140351991461395,
      -0.3466654798741261
    ],
    [
      -0.17410665818580828,
      -0.9724095083261995,
      -0.15526306609161514
    ],
    [
      -0.3198039567627237,
      0.2049609813292114,
      -0.9250494177996507
    ]
  ],
  "position": [
    5.451903361951334,
    -1.1841507097334478,
    13.748813405668956
  ],
  "focal_length": 1404.8856201171875,
  "principal_point": [
    615.7135620117188,
    1005.7840576171875
  ],
  "skew": 0.0,
  "pixel_aspect_ratio": 1.0,
  "radial_distortion": [
    0.08090346306562424,
    -0.26827719807624817,
    0.0
  ],
  "tangential_distortion": [
    0.005374678876250982,
    0.011547503992915154
  ],
  "image_size": [
    1080,
    1920
  ]
}