{
  "orientation": [
    [
      0.9618665616628728,
      -0.09808601249316885,
      -0.2553269506104533
    ],
    [
      -0.07897772597280445,
      -0.9933251230206389,
      0.0840697256817044
    ],
    [
      -0.26186873878912603,
      -0.06069871604261778,
      -0.9631928309096627
    ]
  ],
  "position": [
    4.37700247611105,
    2.9586215587487477,
    13.748813405668956
  ],
  "focal_length": 1404.8856201171875,
  "principal_point": [
    615.7135620117188,
    1005.7840576171875
  ],
  "skew": 0.0,
  "pixel_aspect_ratio": 1.0,
  "radial_distortion": [
    0.08090346306562424,
    -0.26827719807624817,
    0.0
  ],
  "tangential_distortion": [
    0.005374678876250982,
    0.011547503992915154
  ],
  "image_size": [
    1080,
    1920
  ]
}