{
  "orientation": [
    [
      0.94980356308351,
      -0.1039516045086322,
      -0.2950716107556771
    ],
    [
      -0.09969814360695763,
      -0.9945813272415235,
      0.029466314052085583
    ],
    [
      -0.2965357848813451,
      0.001430881745847212,
      -0.9550206703848007
    ]
  ],
  "position": [
    4.93929228376805,
    2.0194419563078427,
    13.748813405668956
  ],
  "focal_length": 1404.8856201171875,
  "principal_point": [
    615.7135620117188,
    1005.7840576171875
  ],
  "skew": 0.0,
  "pixel_aspect_ratio": 1.0,
  "radial_distortion": [
    0.08090346306562424,
    -0.26827719807624817,
    0.0
  ],
  "tangential_distortion": [
    0.005374678876250982,
    0.011547503992915154
  ],
  "image_size": [
    1080,
    1920
  ]
}