{
  "orientation": [
    [
      0.998245332912158,
      -0.058945256703768184,
      -0.005631343642632845
    ],
    [
      -0.054045752031871695,
      -0.8681371398021945,
      -0.4933730466729753
    ],
    [
      0.02419322232370019,
      0.492811691428066,
      -0.8697995888625175
    ]
  ],
  "position": [
    0.0143498271846082,
    -6.206575011155819,
    13.748813405668956
  ],
  "focal_length": 1404.8856201171875,
  "principal_point": [
    615.7135620117188,
    1005.7840576171875
  ],
  "skew": 0.0,
  "pixel_aspect_ratio": 1.0,
  "radial_distortion": [
    0.08090346306562424,
    -0.26827719807624817,
    0.0
  ],
  "tangential_distortion": [
    0.005374678876250982,
    0.011547503992915154
  ],
  "image_size": [
    1080,
    1920
  ]
}