{
  "orientation": [
    [
      0.9858945953062094,
      -0.08145388391055153,
      -0.1462091369986567
    ],
    [
      -0.05591720335298295,
      -0.9836888957207777,
      0.1709661452007913
    ],
    [
      -0.1577501610623163,
      -0.16037899248817872,
      -0.9743682391443648
    ]
  ],
  "position": [
    2.7760634455146413,
    4.4373371320213355,
    13.748813405668956
  ],
  "focal_length": 1404.8856201171875,
  "principal_point": [
    615.7135620117188,
    1005.7840576171875
  ],
  "skew": 0.0,
  "pixel_aspect_ratio": 1.0,
  "radial_distortion": [
    0.08090346306562424,
    -0.26827719807624817,
    0.0
  ],
  "tangential_distortion": [
    0.005374678876250982,
    0.011547503992915154
  ],
  "image_size": [
    1080,
    1920
  ]
}