{
  "orientation": [
    [
      0.9835415306460594,
      -0.08362314048052971,
      -0.16016625072274118
    ],
    [
      -0.14819649789639644,
      -0.8804712342517117,
      -0.4503423183163124
    ],
    [
      -0.10336273751042865,
      0.4666664505098273,
      -0.8783726819880667
    ]
  ],
  "position": [
    2.132276087144051,
    -5.6927716599599965,
    13.748813405668956
  ],
  "focal_length": 1404.8856201171875,
  "principal_point": [
    615.7135620117188,
    1005.7840576171875
  ],
  "skew": 0.0,
  "pixel_aspect_ratio": 1.0,
  "radial_distortion": [
    0.08090346306562424,
    -0.26827719807624817,
    0.0
  ],
  "tangential_distortion": [
    0.005374678876250982,
    0.011547503992915154
  ],
  "image_size": [
    1080,
    1920
  ]
}