{
  "orientation": [
    [
      0.968190875370532,
      -0.015002125051797828,
      0.24976261748543027
    ],
    [
      0.09576109964072699,
      -0.8999859112498811,
      -0.42527070360808983
    ],
    [
      0.23116280117017507,
      0.4356607576953096,
      -0.8699215272422605
    ]
  ],
  "position": [
    -3.4490058305194435,
    -5.249059735363943,
    13.748813405668956
  ],
  "focal_length": 1404.8856201171875,
  "principal_point": [
    615.7135620117188,
    1005.7840576171875
  ],
  "skew": 0.0,
  "pixel_aspect_ratio": 1.0,
  "radial_distortion": [
    0.08090346306562424,
    -0.26827719807624817,
    0.0
  ],
  "tangential_distortion": [
    0.005374678876250982,
    0.011547503992915154
  ],
  "image_size": [
    1080,
    1920
  ]
}