{
  "orientation": [
    [
      0.9366704926667025,
      0.0034233153489229007,
      0.3501951871164691
    ],
    [
      0.12478846622260502,
      -0.9375807736716602,
      -0.3246076578564675
    ],
    [
      0.32722504009523284,
      0.3477507350866041,
      -0.8786314354616502
    ]
  ],
  "position": [
    -5.00222226679549,
    -3.720294145612598,
    13.748813405668956
  ],
  "focal_length": 1404.8856201171875,
  "principal_point": [
    615.7135620117188,
    1005.7840576171875
  ],
  "skew": 0.0,
  "pixel_aspect_ratio": 1.0,
  "radial_distortion": [
    0.08090346306562424,
    -0.26827719807624817,
    0.0
  ],
  "tangential_distortion": [
    0.005374678876250982,
    0.011547503992915154
  ],
  "image_size": [
    1080,
    1920
  ]
}