{
  "orientation": [
    [
      0.9703353405998032,
      -0.09324651150557407,
      -0.22305697674608826
    ],
    [
      -0.06834092005146965,
      -0.9907901945603751,
      0.11689443532321399
    ],
    [
      -0.23190266369660945,
      -0.09818288269884555,
      -0.9677712932895675
    ]
  ],
  "position": [
    3.907529496151114,
    3.5181176692419114,
    13.748813405668956
  ],
  "focal_length": 1404.8856201171875,
  "principal_point": [
    615.7135620117188,
    1005.7840576171875
  ],
  "skew": 0.0,
  "pixel_aspect_ratio": 1.0,
  "radial_distortion": [
    0.08090346306562424,
    -0.26827719807624817,
    0.0
  ],
  "tangential_distortion": [
    0.005374678876250982,
    0.011547503992915154
  ],
  "image_size": [
    1080,
    1920
  ]
}