{
  "orientation": [
    [
      0.9461961668401094,
      -0.10553134002925198,
      -0.3059018635587466
    ],
    [
      -0.10759924842447659,
      -0.9941425914089211,
      0.010144441100549833
    ],
    [
      -0.30518062781829947,
      0.02331617932649241,
      -0.9520090021559898
    ]
  ],
  "position": [
    5.085779911990921,
    1.6847242352242258,
    13.748813405668956
  ],
  "focal_length": 1404.8856201171875,
  "principal_point": [
    615.7135620117188,
    1005.7840576171875
  ],
  "skew": 0.0,
  "pixel_aspect_ratio": 1.0,
  "radial_distortion": [
    0.08090346306562424,
    -0.26827719807624817,
    0.0
  ],
  "tangential_distortion": [
    0.005374678876250982,
    0.011547503992915154
  ],
  "image_size": [
    1080,
    1920
  ]
}