{
  "orientation": [
    [
      0.9465951594328599,
      -0.0017425434117828325,
      0.3224198624165962
    ],
    [
      0.12126631570257851,
      -0.9246383638440699,
      -0.36102406676520044
    ],
    [
      0.2987508741647484,
      0.3808423028632972,
      -0.8750468876212172
    ]
  ],
  "position": [
    -4.5507373019693595,
    -4.294403981014665,
    13.748813405668956
  ],
  "focal_length": 1404.8856201171875,
  "principal_point": [
    615.7135620117188,
    1005.7840576171875
  ],
  "skew": 0.0,
  "pixel_aspect_ratio": 1.0,
  "radial_distortion": [
    0.08090346306562424,
    -0.26827719807624817,
    0.0
  ],
  "tangential_distortion": [
    0.005374678876250982,
    0.011547503992915154
  ],
  "image_size": [
    1080,
    1920
  ]
}