{
  "orientation": [
    [
      0.9382257067631661,
      -0.10879762325702722,
      -0.32847465707780166
    ],
    [
      -0.20063058764130778,
      -0.9444708169940721,
      -0.2602349767983801
    ],
    [
      -0.28192178076810764,
      0.3100612085059527,
      -0.9079549308794832
    ]
  ],
  "position": [
    4.93929228376805,
    -2.9299437172155187,
    13.748813405668956
  ],
  "focal_length": 1404.8856201171875,
  "principal_point": [
    615.7135620117188,
    1005.7840576171875
  ],
  "skew": 0.0,
  "pixel_aspect_ratio": 1.0,
  "radial_distortion": [
    0.08090346306562424,
    -0.26827719807624817,
    0.0
  ],
  "tangential_distortion": [
    0.005374678876250982,
    0.011547503992915154
  ],
  "image_size": [
    1080,
    1920
  ]
}