{
  "orientation": [
    [
      0.9994785116733476,
      -0.031929039993627124,
      -0.004820909979602063
    ],
    [
      -0.03229033744387163,
      -0.9891702014119355,
      -0.14317783906809037
    ],
    [
      -0.0001971692343366335,
      0.14325884230138272,
      -0.9896853601748725
    ]
  ],
  "position": [
    -1.5071652419674335,
    -0.4873322265197098,
    16.192173311132567
  ],
  "focal_length": 1404.8856201171875,
  "principal_point": [
    615.7135620117188,
    1005.7840576171875
  ],
  "skew": 0.0,
  "pixel_aspect_ratio": 1.0,
  "radial_distortion": [
    0.08090346306562424,
    -0.26827719807624817,
    0.0
  ],
  "tangential_distortion": [
    0.005374678876250982,
    0.011547503992915154
  ],
  "image_size": [
    1080,
    1920
  ]
}