{
  "orientation": [
    [
      0.9954892017662074,
      -0.07320053161524988,
      0.06035670404390221
    ],
    [
      -0.05599826741088966,
      -0.9668772177508989,
      -0.24902370907297902
    ],
    [
      0.07658618412466371,
      0.24452054270496373,
      -0.9666149328524343
    ]
  ],
  "position": [
    -0.18354580581588326,
    -1.7496981473293363,
    12.03236596006478
  ],
  "focal_length": 1404.8856201171875,
  "principal_point": [
    615.7135620117188,
    1005.7840576171875
  ],
  "skew": 0.0,
  "pixel_aspect_ratio": 1.0,
  "radial_distortion": [
    0.08090346306562424,
    -0.26827719807624817,
    0.0
  ],
  "tangential_distortion": [
    0.005374678876250982,
    0.011547503992915154
  ],
  "image_size": [
    1080,
    1920
  ]
}