{
  "orientation": [
    [
      0.9681334800540179,
      -0.13613027278986745,
      0.21020494728772196
    ],
    [
      -0.10118643525799885,
      -0.9804256651503114,
      -0.16889999396194383
    ],
    [
      0.22908268453520556,
      0.14224785225345982,
      -0.9629574529974161
    ]
  ],
  "position": [
    -1.0979476924827523,
    -0.01463900266056608,
    14.851334867659446
  ],
  "focal_length": 1404.8856201171875,
  "principal_point": [
    615.7135620117188,
    1005.7840576171875
  ],
  "skew": 0.0,
  "pixel_aspect_ratio": 1.0,
  "radial_distortion": [
    0.08090346306562424,
    -0.26827719807624817,
    0.0
  ],
  "tangential_distortion": [
    0.005374678876250982,
    0.011547503992915154
  ],
  "image_size": [
    1080,
    1920
  ]
}