{
  "orientation": [
    [
      0.9966528090676962,
      -0.07658809171456338,
      0.028590955718039088
    ],
    [
      -0.0674768507145348,
      -0.9681276558572462,
      -0.24119687091787195
    ],
    [
      0.0461524989464019,
      0.23846031143661167,
      -0.9700550710545561
    ]
  ],
  "position": [
    0.19722574540115612,
    -2.252847592101522,
    13.519089912351637
  ],
  "focal_length": 1404.8856201171875,
  "principal_point": [
    615.7135620117188,
    1005.7840576171875
  ],
  "skew": 0.0,
  "pixel_aspect_ratio": 1.0,
  "radial_distortion": [
    0.08090346306562424,
    -0.26827719807624817,
    0.0
  ],
  "tangential_distortion": [
    0.005374678876250982,
    0.011547503992915154
  ],
  "image_size": [
    1080,
    1920
  ]
}