{
  "orientation": [
    [
      0.9899339838276341,
      -0.09172935162281377,
      0.10777956456974441
    ],
    [
      -0.06812173324981273,
      -0.9763345510888184,
      -0.20525699928460658
    ],
    [
      0.12405699475252038,
      0.19584874864838384,
      -0.9727555146894022
    ]
  ],
  "position": [
    -0.987131479209659,
    0.1432640590055597,
    13.549967494587113
  ],
  "focal_length": 1404.8856201171875,
  "principal_point": [
    615.7135620117188,
    1005.7840576171875
  ],
  "skew": 0.0,
  "pixel_aspect_ratio": 1.0,
  "radial_distortion": [
    0.08090346306562424,
    -0.26827719807624817,
    0.0
  ],
  "tangential_distortion": [
    0.005374678876250982,
    0.011547503992915154
  ],
  "image_size": [
    1080,
    1920
  ]
}