{
  "orientation": [
    [
      0.9999992039931295,
      -0.0007844387539697184,
      0.000988265695812543
    ],
    [
      -0.0008203393761818706,
      -0.9993200501008574,
      0.03686608402624151
    ],
    [
      0.0009586743723157273,
      -0.036866865393782595,
      -0.9993198981413112
    ]
  ],
  "position": [
    1.3598228620338852,
    6.360776059736014,
    13.378969542564812
  ],
  "focal_length": 1404.8856201171875,
  "principal_point": [
    615.7135620117188,
    1005.7840576171875
  ],
  "skew": 0.0,
  "pixel_aspect_ratio": 1.0,
  "radial_distortion": [
    0.08090346306562424,
    -0.26827719807624817,
    0.0
  ],
  "tangential_distortion": [
    0.005374678876250982,
    0.011547503992915154
  ],
  "image_size": [
    1080,
    1920
  ]
}