{
  "orientation": [
    [
      0.9988693120127795,
      0.0439393816746192,
      -0.01815016387179947
    ],
    [
      0.045223641994912404,
      -0.9959465569478316,
      0.07775355802351426
    ],
    [
      -0.014660147176513318,
      -0.07848645946054734,
      -0.996807551029135
    ]
  ],
  "position": [
    0.7367718140060969,
    8.271649777673453,
    12.528735044403952
  ],
  "focal_length": 1404.8856201171875,
  "principal_point": [
    615.7135620117188,
    1005.7840576171875
  ],
  "skew": 0.0,
  "pixel_aspect_ratio": 1.0,
  "radial_distortion": [
    0.08090346306562424,
    -0.26827719807624817,
    0.0
  ],
  "tangential_distortion": [
    0.005374678876250982,
    0.011547503992915154
  ],
  "image_size": [
    1080,
    1920
  ]
}