{
  "orientation": [
    [
      0.9977309737268282,
      -0.053902118459412424,
      -0.0403418651249132
    ],
    [
      -0.055837947419054235,
      -0.9972611279310499,
      -0.048504738759921714
    ],
    [
      -0.03761685904213898,
      0.05064728699277768,
      -0.998008100017697
    ]
  ],
  "position": [
    2.543936494077994,
    3.096694124370373,
    13.66259868159396
  ],
  "focal_length": 1404.8856201171875,
  "principal_point": [
    615.7135620117188,
    1005.7840576171875
  ],
  "skew": 0.0,
  "pixel_aspect_ratio": 1.0,
  "radial_distortion": [
    0.08090346306562424,
    -0.26827719807624817,
    0.0
  ],
  "tangential_distortion": [
    0.005374678876250982,
    0.011547503992915154
  ],
  "image_size": [
    1080,
    1920
  ]
}