{
  "orientation": [
    [
      0.9816683147423688,
      -0.10877037670143855,
      0.15651302736022246
    ],
    [
      -0.07497187861567167,
      -0.975338979504045,
      -0.20758947189782087
    ],
    [
      0.17523281655577985,
      0.19204993251289185,
      -0.9656140938960243
    ]
  ],
  "position": [
    -0.12651555711484858,
    -1.5424530938656462,
    16.294302253311795
  ],
  "focal_length": 1404.8856201171875,
  "principal_point": [
    615.7135620117188,
    1005.7840576171875
  ],
  "skew": 0.0,
  "pixel_aspect_ratio": 1.0,
  "radial_distortion": [
    0.08090346306562424,
    -0.26827719807624817,
    0.0
  ],
  "tangential_distortion": [
    0.005374678876250982,
    0.011547503992915154
  ],
  "image_size": [
    1080,
    1920
  ]
}