{
  "orientation": [
    [
      0.999328659290446,
      -0.022191463536798996,
      0.029150811012535225
    ],
    [
      -0.0076528736370000735,
      -0.9045668874137265,
      -0.42626342598916417
    ],
    [
      0.03582826205232028,
      0.4257541705691425,
      -0.9041294433996137
    ]
  ],
  "position": [
    0.06864594107518916,
    -5.421873367596916,
    13.909416213897442
  ],
  "focal_length": 1404.8856201171875,
  "principal_point": [
    615.7135620117188,
    1005.7840576171875
  ],
  "skew": 0.0,
  "pixel_aspect_ratio": 1.0,
  "radial_distortion": [
    0.08090346306562424,
    -0.26827719807624817,
    0.0
  ],
  "tangential_distortion": [
    0.005374678876250982,
    0.011547503992915154
  ],
  "image_size": [
    1080,
    1920
  ]
}