{
  "orientation": [
    [
      0.9654485628633768,
      -0.019481858437628813,
      -0.2598644526471251
    ],
    [
      -0.04158166193279969,
      -0.9959418174733878,
      -0.07981915825600147
    ],
    [
      -0.257254819097097,
      0.08786688696890566,
      -0.9623406884630477
    ]
  ],
  "position": [
    3.396594453013182,
    0.6333311112932448,
    12.164556802632463
  ],
  "focal_length": 1404.8856201171875,
  "principal_point": [
    615.7135620117188,
    1005.7840576171875
  ],
  "skew": 0.0,
  "pixel_aspect_ratio": 1.0,
  "radial_distortion": [
    0.08090346306562424,
    -0.26827719807624817,
    0.0
  ],
  "tangential_distortion": [
    0.005374678876250982,
    0.011547503992915154
  ],
  "image_size": [
    1080,
    1920
  ]
}