{
  "orientation": [
    [
      0.9984815095535298,
      0.0467552307817378,
      -0.029131146818186782
    ],
    [
      0.048540519832697436,
      -0.9967731001716034,
      0.06393372515252284
    ],
    [
      -0.026047903078133244,
      -0.06525068330717511,
      -0.9975290330091731
    ]
  ],
  "position": [
    0.8008528537848049,
    7.135493777290899,
    12.209764229704216
  ],
  "focal_length": 1404.8856201171875,
  "principal_point": [
    615.7135620117188,
    1005.7840576171875
  ],
  "skew": 0.0,
  "pixel_aspect_ratio": 1.0,
  "radial_distortion": [
    0.08090346306562424,
    -0.26827719807624817,
    0.0
  ],
  "tangential_distortion": [
    0.005374678876250982,
    0.011547503992915154
  ],
  "image_size": [
    1080,
    1920
  ]
}