{
  "orientation": [
    [
      0.9993280895867682,
      -0.024572114251208407,
      -0.02719523243422109
    ],
    [
      -0.028375760984390708,
      -0.9883220720772017,
      -0.1497150728077932
    ],
    [
      -0.023198828730832087,
      0.15038616305535443,
      -0.9883552606752068
    ]
  ],
  "position": [
    -1.490513508306505,
    -0.43795357141502733,
    16.000493665261875
  ],
  "focal_length": 1404.8856201171875,
  "principal_point": [
    615.7135620117188,
    1005.7840576171875
  ],
  "skew": 0.0,
  "pixel_aspect_ratio": 1.0,
  "radial_distortion": [
    0.08090346306562424,
    -0.26827719807624817,
    0.0
  ],
  "tangential_distortion": [
    0.005374678876250982,
    0.011547503992915154
  ],
  "image_size": [
    1080,
    1920
  ]
}