{
  "orientation": [
    [
      0.9947160453249764,
      -0.09614079439165044,
      0.03601301870929827
    ],
    [
      -0.08490810193666395,
      -0.9675873949028184,
      -0.23783503590119454
    ],
    [
      0.05771138612377072,
      0.2335205295693546,
      -0.9706378394802886
    ]
  ],
  "position": [
    0.3596317266245602,
    -2.627498793250968,
    13.549384676747025
  ],
  "focal_length": 1404.8856201171875,
  "principal_point": [
    615.7135620117188,
    1005.7840576171875
  ],
  "skew": 0.0,
  "pixel_aspect_ratio": 1.0,
  "radial_distortion": [
    0.08090346306562424,
    -0.26827719807624817,
    0.0
  ],
  "tangential_distortion": [
    0.005374678876250982,
    0.011547503992915154
  ],
  "image_size": [
    1080,
    1920
  ]
}