{
  "orientation": [
    [
      0.9377136940610036,
      0.03271581158479703,
      -0.34586517325608457
    ],
    [
      -0.02845984960408575,
      -0.984976103288757,
      -0.1703307744686502
    ],
    [
      -0.34624135997830496,
      0.16956477064215142,
      -0.9226945077274351
    ]
  ],
  "position": [
    -0.9479002337849339,
    1.454028464992447,
    15.505461556299261
  ],
  "focal_length": 1404.8856201171875,
  "principal_point": [
    615.7135620117188,
    1005.7840576171875
  ],
  "skew": 0.0,
  "pixel_aspect_ratio": 1.0,
  "radial_distortion": [
    0.08090346306562424,
    -0.26827719807624817,
    0.0
  ],
  "tangential_distortion": [
    0.005374678876250982,
    0.011547503992915154
  ],
  "image_size": [
    1080,
    1920
  ]
}