{
  "orientation": [
    [
      0.9983181216202015,
      -0.020524042776720257,
      0.05421892735478622
    ],
    [
      0.0019021873354771162,
      -0.9231363350367159,
      -0.3844686105314804
    ],
    [
      0.05794229973641863,
      0.3839251157045678,
      -0.9215446917797161
    ]
  ],
  "position": [
    -0.16955660446272094,
    -4.934585479698906,
    15.366892591143516
  ],
  "focal_length": 1404.8856201171875,
  "principal_point": [
    615.7135620117188,
    1005.7840576171875
  ],
  "skew": 0.0,
  "pixel_aspect_ratio": 1.0,
  "radial_distortion": [
    0.08090346306562424,
    -0.26827719807624817,
    0.0
  ],
  "tangential_distortion": [
    0.005374678876250982,
    0.011547503992915154
  ],
  "image_size": [
    1080,
    1920
  ]
}