{
  "orientation": [
    [
      0.9854166293208672,
      -0.1591401041054647,
      0.060236998690216884
    ],
    [
      -0.14298107999019422,
      -0.9663304045611947,
      -0.21392111050256868
    ],
    [
      0.0922522601931303,
      0.2021886693638305,
      -0.9749920744516392
    ]
  ],
  "position": [
    -1.8389130457676672,
    -2.46626561155731,
    13.623264745715193
  ],
  "focal_length": 1404.8856201171875,
  "principal_point": [
    615.7135620117188,
    1005.7840576171875
  ],
  "skew": 0.0,
  "pixel_aspect_ratio": 1.0,
  "radial_distortion": [
    0.08090346306562424,
    -0.26827719807624817,
    0.0
  ],
  "tangential_distortion": [
    0.005374678876250982,
    0.011547503992915154
  ],
  "image_size": [
    1080,
    1920
  ]
}