{
  "orientation": [
    [
      0.9539467417946579,
      -0.011747758757268287,
      -0.29974591189667693
    ],
    [
      -0.089280791474447,
      -0.9650691659265205,
      -0.24631438134357125
    ],
    [
      -0.28638184615698964,
      0.2617323525037571,
      -0.9216734431346187
    ]
  ],
  "position": [
    3.008518304101653,
    -0.3811616553035309,
    15.008370997519664
  ],
  "focal_length": 1404.8856201171875,
  "principal_point": [
    615.7135620117188,
    1005.7840576171875
  ],
  "skew": 0.0,
  "pixel_aspect_ratio": 1.0,
  "radial_distortion": [
    0.08090346306562424,
    -0.26827719807624817,
    0.0
  ],
  "tangential_distortion": [
    0.005374678876250982,
    0.011547503992915154
  ],
  "image_size": [
    1080,
    1920
  ]
}