{
  "orientation": [
    [
      0.9945823158963772,
      -0.06430570190599755,
      0.081674930928331
    ],
    [
      -0.05131057261298024,
      -0.9870047492648184,
      -0.15227973966880703
    ],
    [
      0.09040598861745133,
      0.14726394900941825,
      -0.9849570322170222
    ]
  ],
  "position": [
    -1.2838198444839513,
    -1.1254440744224796,
    16.61533474859517
  ],
  "focal_length": 1404.8856201171875,
  "principal_point": [
    615.7135620117188,
    1005.7840576171875
  ],
  "skew": 0.0,
  "pixel_aspect_ratio": 1.0,
  "radial_distortion": [
    0.08090346306562424,
    -0.26827719807624817,
    0.0
  ],
  "tangential_distortion": [
    0.005374678876250982,
    0.011547503992915154
  ],
  "image_size": [
    1080,
    1920
  ]
}