{
  "orientation": [
    [
      0.9296449208307976,
      0.03040914821529886,
      -0.3671996957185729
    ],
    [
      -0.02690503258360013,
      -0.988325669336104,
      -0.1499627287323603
    ],
    [
      -0.3674730630300239,
      0.14929160891356238,
      -0.9179737911586625
    ]
  ],
  "position": [
    6.584951982250641,
    0.19448659616182598,
    11.134528328791111
  ],
  "focal_length": 1404.8856201171875,
  "principal_point": [
    615.7135620117188,
    1005.7840576171875
  ],
  "skew": 0.0,
  "pixel_aspect_ratio": 1.0,
  "radial_distortion": [
    0.08090346306562424,
    -0.26827719807624817,
    0.0
  ],
  "tangential_distortion": [
    0.005374678876250982,
    0.011547503992915154
  ],
  "image_size": [
    1080,
    1920
  ]
}