{
  "orientation": [
    [
      0.9977462698508103,
      -0.046977332519470005,
      0.047911498645130945
    ],
    [
      -0.039424181409597164,
      -0.9882101167733386,
      -0.14794227733904847
    ],
    [
      0.05429655047284691,
      0.14571998398790714,
      -0.9878350009954249
    ]
  ],
  "position": [
    -1.5630957843593807,
    -0.7685357791523845,
    16.390771547943498
  ],
  "focal_length": 1404.8856201171875,
  "principal_point": [
    615.7135620117188,
    1005.7840576171875
  ],
  "skew": 0.0,
  "pixel_aspect_ratio": 1.0,
  "radial_distortion": [
    0.08090346306562424,
    -0.26827719807624817,
    0.0
  ],
  "tangential_distortion": [
    0.005374678876250982,
    0.011547503992915154
  ],
  "image_size": [
    1080,
    1920
  ]
}