{
  "orientation": [
    [
      0.9966507085090486,
      0.0015125670097070024,
      -0.08176232634926671
    ],
    [
      -0.0076057723202636335,
      -0.9937807782725072,
      -0.11109589685280849
    ],
    [
      -0.08142185269579143,
      0.11134566992550135,
      -0.9904408131673728
    ]
  ],
  "position": [
    2.5843286893932524,
    1.8761401314222057,
    13.184083086063994
  ],
  "focal_length": 1404.8856201171875,
  "principal_point": [
    615.7135620117188,
    1005.7840576171875
  ],
  "skew": 0.0,
  "pixel_aspect_ratio": 1.0,
  "radial_distortion": [
    0.08090346306562424,
    -0.26827719807624817,
    0.0
  ],
  "tangential_distortion": [
    0.005374678876250982,
    0.011547503992915154
  ],
  "image_size": [
    1080,
    1920
  ]
}