{
  "orientation": [
    [
      0.9150781509641586,
      -0.004187613760093637,
      0.4032548281051552
    ],
    [
      0.007684315227041513,
      -0.9995836519977153,
      -0.027817694294523722
    ],
    [
      0.4032033529109269,
      0.028554101410627405,
      -0.9146649959307143
    ]
  ],
  "position": [
    -6.199244681245934,
    1.6662293665423005,
    14.982805607215774
  ],
  "focal_length": 1404.8856201171875,
  "principal_point": [
    615.7135620117188,
    1005.7840576171875
  ],
  "skew": 0.0,
  "pixel_aspect_ratio": 1.0,
  "radial_distortion": [
    0.08090346306562424,
    -0.26827719807624817,
    0.0
  ],
  "tangential_distortion": [
    0.005374678876250982,
    0.011547503992915154
  ],
  "image_size": [
    1080,
    1920
  ]
}