{
  "orientation": [
    [
      0.9043696194886601,
      0.0046401440651808665,
      0.42672482594918004
    ],
    [
      0.029110585593699875,
      -0.9982826495307484,
      -0.05083968761062316
    ],
    [
      0.4257560120828542,
      0.05840007785104609,
      -0.9029515938555059
    ]
  ],
  "position": [
    -6.8543521375603556,
    1.9393854808574844,
    14.99866076514119
  ],
  "focal_length": 1404.8856201171875,
  "principal_point": [
    615.7135620117188,
    1005.7840576171875
  ],
  "skew": 0.0,
  "pixel_aspect_ratio": 1.0,
  "radial_distortion": [
    0.08090346306562424,
    -0.26827719807624817,
    0.0
  ],
  "tangential_distortion": [
    0.005374678876250982,
    0.011547503992915154
  ],
  "image_size": [
    1080,
    1920
  ]
}