{
  "orientation": [
    [
      0.9940367736879575,
      -0.09143498076051639,
      0.05941832686987348
    ],
    [
      -0.0708754425157384,
      -0.9558486357114742,
      -0.28518466467306935
    ],
    [
      0.08287077242845871,
      0.27927274412268865,
      -0.9566291890117826
    ]
  ],
  "position": [
    -0.4036428512865099,
    -2.654861361254997,
    12.348168214769538
  ],
  "focal_length": 1404.8856201171875,
  "principal_point": [
    615.7135620117188,
    1005.7840576171875
  ],
  "skew": 0.0,
  "pixel_aspect_ratio": 1.0,
  "radial_distortion": [
    0.08090346306562424,
    -0.26827719807624817,
    0.0
  ],
  "tangential_distortion": [
    0.005374678876250982,
    0.011547503992915154
  ],
  "image_size": [
    1080,
    1920
  ]
}