{
  "orientation": [
    [
      0.9663573011041469,
      -0.19387344383223812,
      0.16901674764904273
    ],
    [
      -0.1865914139852843,
      -0.980717876071671,
      -0.05810749297861417
    ],
    [
      0.17702321157465317,
      0.02461552944617415,
      -0.9838990028749826
    ]
  ],
  "position": [
    -4.388693421264366,
    -0.12422559699191565,
    14.14727008363104
  ],
  "focal_length": 1404.8856201171875,
  "principal_point": [
    615.7135620117188,
    1005.7840576171875
  ],
  "skew": 0.0,
  "pixel_aspect_ratio": 1.0,
  "radial_distortion": [
    0.08090346306562424,
    -0.26827719807624817,
    0.0
  ],
  "tangential_distortion": [
    0.005374678876250982,
    0.011547503992915154
  ],
  "image_size": [
    1080,
    1920
  ]
}