{
  "orientation": [
    [
      0.9960805605597985,
      -0.07254296880711437,
      0.0506066680351329
    ],
    [
      -0.05658989023203652,
      -0.9623911705956802,
      -0.26570842728720395
    ],
    [
      0.06797868413329408,
      0.2618031735570891,
      -0.9627243354630224
    ]
  ],
  "position": [
    -0.52115004942142,
    -0.7197422768161781,
    13.104927167372473
  ],
  "focal_length": 1404.8856201171875,
  "principal_point": [
    615.7135620117188,
    1005.7840576171875
  ],
  "skew": 0.0,
  "pixel_aspect_ratio": 1.0,
  "radial_distortion": [
    0.08090346306562424,
    -0.26827719807624817,
    0.0
  ],
  "tangential_distortion": [
    0.005374678876250982,
    0.011547503992915154
  ],
  "image_size": [
    1080,
    1920
  ]
}