{
  "orientation": [
    [
      0.9991108066685382,
      0.030507559441317424,
      -0.029101288570533495
    ],
    [
      0.031494668937287494,
      -0.9989227035174846,
      0.034087035507713526
    ],
    [
      -0.028030019765630517,
      -0.03497326090183683,
      -0.9989952936788502
    ]
  ],
  "position": [
    0.8057268064475926,
    4.852141679878287,
    12.810488303790283
  ],
  "focal_length": 1404.8856201171875,
  "principal_point": [
    615.7135620117188,
    1005.7840576171875
  ],
  "skew": 0.0,
  "pixel_aspect_ratio": 1.0,
  "radial_distortion": [
    0.08090346306562424,
    -0.26827719807624817,
    0.0
  ],
  "tangential_distortion": [
    0.005374678876250982,
    0.011547503992915154
  ],
  "image_size": [
    1080,
    1920
  ]
}