{
  "orientation": [
    [
      0.9962188325787565,
      -0.08411160634637219,
      0.02175490302097548
    ],
    [
      -0.07414895387175552,
      -0.953651036744898,
      -0.29163658446450563
    ],
    [
      0.04527660286884827,
      0.28892075459584304,
      -0.9562819102104896
    ]
  ],
  "position": [
    -0.3272786428097539,
    -2.572008545286061,
    12.19376597957699
  ],
  "focal_length": 1404.8856201171875,
  "principal_point": [
    615.7135620117188,
    1005.7840576171875
  ],
  "skew": 0.0,
  "pixel_aspect_ratio": 1.0,
  "radial_distortion": [
    0.08090346306562424,
    -0.26827719807624817,
    0.0
  ],
  "tangential_distortion": [
    0.005374678876250982,
    0.011547503992915154
  ],
  "image_size": [
    1080,
    1920
  ]
}