{
  "orientation": [
    [
      0.9260034231462889,
      -0.19217728864242112,
      0.32493932600060194
    ],
    [
      -0.21436044051871933,
      -0.9761787445002121,
      0.03354213894350288
    ],
    [
      0.3107527592673933,
      -0.10071426549566961,
      -0.9451400782832682
    ]
  ],
  "position": [
    -6.11238838630855,
    0.9762998726397344,
    14.487297672032112
  ],
  "focal_length": 1404.8856201171875,
  "principal_point": [
    615.7135620117188,
    1005.7840576171875
  ],
  "skew": 0.0,
  "pixel_aspect_ratio": 1.0,
  "radial_distortion": [
    0.08090346306562424,
    -0.26827719807624817,
    0.0
  ],
  "tangential_distortion": [
    0.005374678876250982,
    0.011547503992915154
  ],
  "image_size": [
    1080,
    1920
  ]
}