{
  "orientation": [
    [
      0.9370804920940264,
      -0.001592716064547594,
      -0.3491097576022707
    ],
    [
      -0.038571870482690146,
      -0.9943398929157174,
      -0.09899823232049727
    ],
    [
      -0.3469760372202165,
      0.10623512813873905,
      -0.931837958433289
    ]
  ],
  "position": [
    5.731849630080699,
    0.3385177740239383,
    11.43782298013731
  ],
  "focal_length": 1404.8856201171875,
  "principal_point": [
    615.7135620117188,
    1005.7840576171875
  ],
  "skew": 0.0,
  "pixel_aspect_ratio": 1.0,
  "radial_distortion": [
    0.08090346306562424,
    -0.26827719807624817,
    0.0
  ],
  "tangential_distortion": [
    0.005374678876250982,
    0.011547503992915154
  ],
  "image_size": [
    1080,
    1920
  ]
}