{
  "orientation": [
    [
      0.9972842674680414,
      -0.072827973522485,
      0.01096250209813775
    ],
    [
      -0.06816167140164141,
      -0.9690812795326058,
      -0.23714065750642846
    ],
    [
      0.027894026804642414,
      0.23574942452412215,
      -0.971413590398267
    ]
  ],
  "position": [
    0.11509824222215458,
    -1.820192226240731,
    12.958553752899148
  ],
  "focal_length": 1404.8856201171875,
  "principal_point": [
    615.7135620117188,
    1005.7840576171875
  ],
  "skew": 0.0,
  "pixel_aspect_ratio": 1.0,
  "radial_distortion": [
    0.08090346306562424,
    -0.26827719807624817,
    0.0
  ],
  "tangential_distortion": [
    0.005374678876250982,
    0.011547503992915154
  ],
  "image_size": [
    1080,
    1920
  ]
}