{
  "orientation": [
    [
      0.9948689515472153,
      -0.06474864639497513,
      0.07773919676232054
    ],
    [
      -0.0508699887696753,
      -0.9843308368121384,
      -0.16883515430580273
    ],
    [
      0.08745292542737161,
      0.16401426119977977,
      -0.9825739509635061
    ]
  ],
  "position": [
    -1.4398808791124824,
    -1.2172119171214297,
    16.73757900159576
  ],
  "focal_length": 1404.8856201171875,
  "principal_point": [
    615.7135620117188,
    1005.7840576171875
  ],
  "skew": 0.0,
  "pixel_aspect_ratio": 1.0,
  "radial_distortion": [
    0.08090346306562424,
    -0.26827719807624817,
    0.0
  ],
  "tangential_distortion": [
    0.005374678876250982,
    0.011547503992915154
  ],
  "image_size": [
    1080,
    1920
  ]
}