{
  "orientation": [
    [
      0.9973750617270225,
      0.005489962620609058,
      0.07220004798602064
    ],
    [
      0.038487579037190835,
      -0.884793613408063,
      -0.46439125346083837
    ],
    [
      0.0613326412166911,
      0.4659510600283006,
      -0.8826823804959842
    ]
  ],
  "position": [
    -0.3917848830170654,
    -5.134587494563246,
    15.409917720696091
  ],
  "focal_length": 1404.8856201171875,
  "principal_point": [
    615.7135620117188,
    1005.7840576171875
  ],
  "skew": 0.0,
  "pixel_aspect_ratio": 1.0,
  "radial_distortion": [
    0.08090346306562424,
    -0.26827719807624817,
    0.0
  ],
  "tangential_distortion": [
    0.005374678876250982,
    0.011547503992915154
  ],
  "image_size": [
    1080,
    1920
  ]
}