{
  "orientation": [
    [
      0.9644101456598678,
      0.0448989697384989,
      -0.2605708364416103
    ],
    [
      0.005815325171453424,
      -0.9888408139689608,
      -0.14886381948043897
    ],
    [
      -0.26434685600666663,
      0.14205047438701435,
      -0.953909222814395
    ]
  ],
  "position": [
    4.102642583364126,
    0.7730849743262734,
    12.085801421752313
  ],
  "focal_length": 1404.8856201171875,
  "principal_point": [
    615.7135620117188,
    1005.7840576171875
  ],
  "skew": 0.0,
  "pixel_aspect_ratio": 1.0,
  "radial_distortion": [
    0.08090346306562424,
    -0.26827719807624817,
    0.0
  ],
  "tangential_distortion": [
    0.005374678876250982,
    0.011547503992915154
  ],
  "image_size": [
    1080,
    1920
  ]
}