{
  "orientation": [
    [
      0.9331023699992,
      0.026330022187847385,
      -0.35864565400750803
    ],
    [
      -0.024765374746201642,
      -0.9902432838927162,
      -0.1371318928907161
    ],
    [
      -0.35875709250210774,
      0.13684008829907301,
      -0.9233462903144976
    ]
  ],
  "position": [
    6.715726591416556,
    0.13699915492935705,
    11.030227423431299
  ],
  "focal_length": 1404.8856201171875,
  "principal_point": [
    615.7135620117188,
    1005.7840576171875
  ],
  "skew": 0.0,
  "pixel_aspect_ratio": 1.0,
  "radial_distortion": [
    0.08090346306562424,
    -0.26827719807624817,
    0.0
  ],
  "tangential_distortion": [
    0.005374678876250982,
    0.011547503992915154
  ],
  "image_size": [
    1080,
    1920
  ]
}