{
  "orientation": [
    [
      0.9914942579002349,
      -0.11919519394106108,
      0.052265128386216816
    ],
    [
      -0.10441364339335245,
      -0.9682090775743952,
      -0.22730879054675113
    ],
    [
      0.07769767678123148,
      0.21991816870793962,
      -0.9724193456779009
    ]
  ],
  "position": [
    0.09201825279754093,
    -2.5589644374975222,
    13.77625265771481
  ],
  "focal_length": 1404.8856201171875,
  "principal_point": [
    615.7135620117188,
    1005.7840576171875
  ],
  "skew": 0.0,
  "pixel_aspect_ratio": 1.0,
  "radial_distortion": [
    0.08090346306562424,
    -0.26827719807624817,
    0.0
  ],
  "tangential_distortion": [
    0.005374678876250982,
    0.011547503992915154
  ],
  "image_size": [
    1080,
    1920
  ]
}