{
  "orientation": [
    [
      0.9959107391133933,
      -0.05395541949686601,
      0.0724611130170015
    ],
    [
      -0.04256241429702157,
      -0.9876979275158213,
      -0.15047084546365572
    ],
    [
      0.07968839992090535,
      0.1467714112225398,
      -0.9859554462693254
    ]
  ],
  "position": [
    -1.453591531080218,
    -0.9864110141758806,
    16.435006621832414
  ],
  "focal_length": 1404.8856201171875,
  "principal_point": [
    615.7135620117188,
    1005.7840576171875
  ],
  "skew": 0.0,
  "pixel_aspect_ratio": 1.0,
  "radial_distortion": [
    0.08090346306562424,
    -0.26827719807624817,
    0.0
  ],
  "tangential_distortion": [
    0.005374678876250982,
    0.011547503992915154
  ],
  "image_size": [
    1080,
    1920
  ]
}