{
  "orientation": [
    [
      0.9370012988091536,
      0.012673997415893229,
      -0.34909589523777595
    ],
    [
      -0.03026245004658875,
      -0.9926396156819624,
      -0.11726482216861518
    ],
    [
      -0.3480125836798722,
      0.12044178755963876,
      -0.929721071176882
    ]
  ],
  "position": [
    6.234638240683756,
    0.26934132559205115,
    11.213344548023912
  ],
  "focal_length": 1404.8856201171875,
  "principal_point": [
    615.7135620117188,
    1005.7840576171875
  ],
  "skew": 0.0,
  "pixel_aspect_ratio": 1.0,
  "radial_distortion": [
    0.08090346306562424,
    -0.26827719807624817,
    0.0
  ],
  "tangential_distortion": [
    0.005374678876250982,
    0.011547503992915154
  ],
  "image_size": [
    1080,
    1920
  ]
}