{
  "orientation": [
    [
      0.9959208922070101,
      -0.08776232580062557,
      -0.020960705412654775
    ],
    [
      -0.0902277120809242,
      -0.9705311160851746,
      -0.22344702165603064
    ],
    [
      -0.0007327850797403303,
      0.22442679359731904,
      -0.9744908089179454
    ]
  ],
  "position": [
    1.7593236237990677,
    -0.799959212177868,
    15.858986264284608
  ],
  "focal_length": 1404.8856201171875,
  "principal_point": [
    615.7135620117188,
    1005.7840576171875
  ],
  "skew": 0.0,
  "pixel_aspect_ratio": 1.0,
  "radial_distortion": [
    0.08090346306562424,
    -0.26827719807624817,
    0.0
  ],
  "tangential_distortion": [
    0.005374678876250982,
    0.011547503992915154
  ],
  "image_size": [
    1080,
    1920
  ]
}