{
  "orientation": [
    [
      0.9995356856603111,
      -0.010666691417647572,
      -0.02854180856420656
    ],
    [
      -0.011873813188450162,
      -0.9990275714173289,
      -0.042463406057333265
    ],
    [
      -0.02806110657620113,
      0.042782589774636885,
      -0.99869036293486
    ]
  ],
  "position": [
    2.2386706634091675,
    3.8589031275325567,
    13.633754078834418
  ],
  "focal_length": 1404.8856201171875,
  "principal_point": [
    615.7135620117188,
    1005.7840576171875
  ],
  "skew": 0.0,
  "pixel_aspect_ratio": 1.0,
  "radial_distortion": [
    0.08090346306562424,
    -0.26827719807624817,
    0.0
  ],
  "tangential_distortion": [
    0.005374678876250982,
    0.011547503992915154
  ],
  "image_size": [
    1080,
    1920
  ]
}