{
  "orientation": [
    [
      0.9980237172873647,
      -0.06282803668836653,
      0.0011391967459411841
    ],
    [
      -0.05745938969710257,
      -0.9197817005101521,
      -0.3882013224555035
    ],
    [
      0.025437737693772944,
      0.38736866939189923,
      -0.9215740124907883
    ]
  ],
  "position": [
    -0.034533269939619575,
    -5.830183851151188,
    14.321084679729232
  ],
  "focal_length": 1404.8856201171875,
  "principal_point": [
    615.7135620117188,
    1005.7840576171875
  ],
  "skew": 0.0,
  "pixel_aspect_ratio": 1.0,
  "radial_distortion": [
    0.08090346306562424,
    -0.26827719807624817,
    0.0
  ],
  "tangential_distortion": [
    0.005374678876250982,
    0.011547503992915154
  ],
  "image_size": [
    1080,
    1920
  ]
}