{
  "orientation": [
    [
      0.9989711475258463,
      -0.04420951803627639,
      0.01010767677054604
    ],
    [
      -0.036419023490770266,
      -0.9148689323791055,
      -0.4021055466029826
    ],
    [
      0.02702408819324728,
      0.4013237276761802,
      -0.9155377347260407
    ]
  ],
  "position": [
    -0.06683829106502802,
    -5.922981457975819,
    14.251073339481781
  ],
  "focal_length": 1404.8856201171875,
  "principal_point": [
    615.7135620117188,
    1005.7840576171875
  ],
  "skew": 0.0,
  "pixel_aspect_ratio": 1.0,
  "radial_distortion": [
    0.08090346306562424,
    -0.26827719807624817,
    0.0
  ],
  "tangential_distortion": [
    0.005374678876250982,
    0.011547503992915154
  ],
  "image_size": [
    1080,
    1920
  ]
}