{
  "orientation": [
    [
      0.940220275303857,
      -0.09322001144703394,
      0.32756048642719
    ],
    [
      -0.04104420947911623,
      -0.9858151267732158,
      -0.16273968224535898
    ],
    [
      0.33808462797180955,
      0.13956668934563451,
      -0.9307095201182123
    ]
  ],
  "position": [
    -6.1537963590074956,
    -0.039897621697442806,
    15.874030654258547
  ],
  "focal_length": 1404.8856201171875,
  "principal_point": [
    615.7135620117188,
    1005.7840576171875
  ],
  "skew": 0.0,
  "pixel_aspect_ratio": 1.0,
  "radial_distortion": [
    0.08090346306562424,
    -0.26827719807624817,
    0.0
  ],
  "tangential_distortion": [
    0.005374678876250982,
    0.011547503992915154
  ],
  "image_size": [
    1080,
    1920
  ]
}