{
  "orientation": [
    [
      0.999998577221393,
      0.001166575087170258,
      -0.00121846541833648
    ],
    [
      0.0010322473500907524,
      -0.9944764712447043,
      -0.1049561381216044
    ],
    [
      -0.0013341742082347448,
      0.1049547310346659,
      -0.9944762605190245
    ]
  ],
  "position": [
    0.021866782448084463,
    0.4230802834707226,
    14.090163815702175
  ],
  "focal_length": 1404.8856201171875,
  "principal_point": [
    615.7135620117188,
    1005.7840576171875
  ],
  "skew": 0.0,
  "pixel_aspect_ratio": 1.0,
  "radial_distortion": [
    0.08090346306562424,
    -0.26827719807624817,
    0.0
  ],
  "tangential_distortion": [
    0.005374678876250982,
    0.011547503992915154
  ],
  "image_size": [
    1080,
    1920
  ]
}