{
  "orientation": [
    [
      0.9784862356251163,
      -0.04836958106538784,
      -0.2005618930775204
    ],
    [
      -0.06355285222487364,
      -0.9955229780016428,
      -0.0699662751925411
    ],
    [
      -0.19627970934705205,
      0.08120731689813358,
      -0.9771795585016929
    ]
  ],
  "position": [
    2.444607987314048,
    0.3654618817388471,
    12.460334722353263
  ],
  "focal_length": 1404.8856201171875,
  "principal_point": [
    615.7135620117188,
    1005.7840576171875
  ],
  "skew": 0.0,
  "pixel_aspect_ratio": 1.0,
  "radial_distortion": [
    0.08090346306562424,
    -0.26827719807624817,
    0.0
  ],
  "tangential_distortion": [
    0.005374678876250982,
    0.011547503992915154
  ],
  "image_size": [
    1080,
    1920
  ]
}