{
  "orientation": [
    [
      0.9996610615507551,
      0.021553673669936848,
      -0.01460141135948538
    ],
    [
      0.020961622245505945,
      -0.9989976570146768,
      -0.03955434379416895
    ],
    [
      -0.015439315243745363,
      0.039234868057385804,
      -0.9991108582778474
    ]
  ],
  "position": [
    0.5620806670478905,
    2.487685001603411,
    13.231303471830685
  ],
  "focal_length": 1404.8856201171875,
  "principal_point": [
    615.7135620117188,
    1005.7840576171875
  ],
  "skew": 0.0,
  "pixel_aspect_ratio": 1.0,
  "radial_distortion": [
    0.08090346306562424,
    -0.26827719807624817,
    0.0
  ],
  "tangential_distortion": [
    0.005374678876250982,
    0.011547503992915154
  ],
  "image_size": [
    1080,
    1920
  ]
}