{
  "orientation": [
    [
      0.9822275491287231,
      -0.16946634786529002,
      0.08068582247238618
    ],
    [
      -0.1518876789217854,
      -0.9702083661387924,
      -0.18874909865336162
    ],
    [
      0.11026866281313807,
      0.17313938371122936,
      -0.9787052367037312
    ]
  ],
  "position": [
    -2.8710243443561465,
    -1.8534424443238333,
    13.765004642575757
  ],
  "focal_length": 1404.8856201171875,
  "principal_point": [
    615.7135620117188,
    1005.7840576171875
  ],
  "skew": 0.0,
  "pixel_aspect_ratio": 1.0,
  "radial_distortion": [
    0.08090346306562424,
    -0.26827719807624817,
    0.0
  ],
  "tangential_distortion": [
    0.005374678876250982,
    0.011547503992915154
  ],
  "image_size": [
    1080,
    1920
  ]
}