{
  "orientation": [
    [
      0.9827778877942728,
      -0.18357396390109634,
      0.02117134407020323
    ],
    [
      -0.1839192680511106,
      -0.9828161425333193,
      0.01569877926199045
    ],
    [
      0.01792564843021512,
      -0.019322230937755532,
      -0.9996527617539364
    ]
  ],
  "position": [
    -0.652709923100353,
    0.35458979680781705,
    13.170778547337216
  ],
  "focal_length": 1404.8856201171875,
  "principal_point": [
    615.7135620117188,
    1005.7840576171875
  ],
  "skew": 0.0,
  "pixel_aspect_ratio": 1.0,
  "radial_distortion": [
    0.08090346306562424,
    -0.26827719807624817,
    0.0
  ],
  "tangential_distortion": [
    0.005374678876250982,
    0.011547503992915154
  ],
  "image_size": [
    1080,
    1920
  ]
}