{
  "orientation": [
    [
      0.9997039513432161,
      -0.022412616221991123,
      -0.009470181076238978
    ],
    [
      -0.023463265141795593,
      -0.9910543580632849,
      -0.1313807999466327
    ],
    [
      -0.006440876059730868,
      0.13156410619852615,
      -0.9912868309115928
    ]
  ],
  "position": [
    -1.5701994145295173,
    -0.3227908933809728,
    15.872475934892387
  ],
  "focal_length": 1404.8856201171875,
  "principal_point": [
    615.7135620117188,
    1005.7840576171875
  ],
  "skew": 0.0,
  "pixel_aspect_ratio": 1.0,
  "radial_distortion": [
    0.08090346306562424,
    -0.26827719807624817,
    0.0
  ],
  "tangential_distortion": [
    0.005374678876250982,
    0.011547503992915154
  ],
  "image_size": [
    1080,
    1920
  ]
}