{
  "orientation": [
    [
      0.9891067890754249,
      -0.1372399524460123,
      0.05322552808546252
    ],
    [
      -0.12199844134034725,
      -0.9666271438009031,
      -0.22527456773869195
    ],
    [
      0.0823659013056127,
      0.2163271735403228,
      -0.9728405310660162
    ]
  ],
  "position": [
    -0.8155242920112566,
    -2.6399091386465012,
    13.724298626799426
  ],
  "focal_length": 1404.8856201171875,
  "principal_point": [
    615.7135620117188,
    1005.7840576171875
  ],
  "skew": 0.0,
  "pixel_aspect_ratio": 1.0,
  "radial_distortion": [
    0.08090346306562424,
    -0.26827719807624817,
    0.0
  ],
  "tangential_distortion": [
    0.005374678876250982,
    0.011547503992915154
  ],
  "image_size": [
    1080,
    1920
  ]
}