{
  "orientation": [
    [
      0.9989807023264051,
      -0.01884399357002505,
      0.04101780592014098
    ],
    [
      -0.009891595686967297,
      -0.9779952753924241,
      -0.20839295611755135
    ],
    [
      0.04404217105156226,
      0.20777481014545282,
      -0.9771848043537223
    ]
  ],
  "position": [
    -0.6698151555241718,
    -1.8175170677620167,
    14.594341775335884
  ],
  "focal_length": 1404.8856201171875,
  "principal_point": [
    615.7135620117188,
    1005.7840576171875
  ],
  "skew": 0.0,
  "pixel_aspect_ratio": 1.0,
  "radial_distortion": [
    0.08090346306562424,
    -0.26827719807624817,
    0.0
  ],
  "tangential_distortion": [
    0.005374678876250982,
    0.011547503992915154
  ],
  "image_size": [
    1080,
    1920
  ]
}