{
  "orientation": [
    [
      0.9470196840235573,
      0.05440992544535554,
      -0.316533228459796
    ],
    [
      0.006463967027507525,
      -0.9885752682536328,
      -0.1505901893822632
    ],
    [
      -0.32111048228984657,
      0.14056581384159328,
      -0.9365519487134177
    ]
  ],
  "position": [
    5.024921960159257,
    0.5896900418686766,
    11.389655307117298
  ],
  "focal_length": 1404.8856201171875,
  "principal_point": [
    615.7135620117188,
    1005.7840576171875
  ],
  "skew": 0.0,
  "pixel_aspect_ratio": 1.0,
  "radial_distortion": [
    0.08090346306562424,
    -0.26827719807624817,
    0.0
  ],
  "tangential_distortion": [
    0.005374678876250982,
    0.011547503992915154
  ],
  "image_size": [
    1080,
    1920
  ]
}