{
  "orientation": [
    [
      0.9948194337726775,
      -0.06508302477641827,
      0.07809286126628978
    ],
    [
      -0.05149958856907734,
      -0.984975969298368,
      -0.16483470402483055
    ],
    [
      0.0876475183449002,
      0.15995901712529323,
      -0.9832249856624207
    ]
  ],
  "position": [
    -1.3650807070646864,
    -1.2536881479528814,
    16.765574594970197
  ],
  "focal_length": 1404.8856201171875,
  "principal_point": [
    615.7135620117188,
    1005.7840576171875
  ],
  "skew": 0.0,
  "pixel_aspect_ratio": 1.0,
  "radial_distortion": [
    0.08090346306562424,
    -0.26827719807624817,
    0.0
  ],
  "tangential_distortion": [
    0.005374678876250982,
    0.011547503992915154
  ],
  "image_size": [
    1080,
    1920
  ]
}