{
  "orientation": [
    [
      0.9590515806505897,
      -0.11031000487116718,
      0.26086735364686064
    ],
    [
      -0.0745320475316665,
      -0.9868694694777276,
      -0.14329689031679244
    ],
    [
      0.2732490572062978,
      0.11798613354563538,
      -0.9546803620206004
    ]
  ],
  "position": [
    -3.0510034826666717,
    -0.1925276728791606,
    15.575206200549507
  ],
  "focal_length": 1404.8856201171875,
  "principal_point": [
    615.7135620117188,
    1005.7840576171875
  ],
  "skew": 0.0,
  "pixel_aspect_ratio": 1.0,
  "radial_distortion": [
    0.08090346306562424,
    -0.26827719807624817,
    0.0
  ],
  "tangential_distortion": [
    0.005374678876250982,
    0.011547503992915154
  ],
  "image_size": [
    1080,
    1920
  ]
}