{
  "orientation": [
    [
      0.9971269903157494,
      -0.07449567017693422,
      0.013717162848657996
    ],
    [
      -0.0678355483943086,
      -0.9587859879963252,
      -0.275912914870157
    ],
    [
      0.033706138992334725,
      0.2741897032038084,
      -0.96108484123191
    ]
  ],
  "position": [
    -0.2545273587572037,
    -2.090237182079445,
    12.226477741812538
  ],
  "focal_length": 1404.8856201171875,
  "principal_point": [
    615.7135620117188,
    1005.7840576171875
  ],
  "skew": 0.0,
  "pixel_aspect_ratio": 1.0,
  "radial_distortion": [
    0.08090346306562424,
    -0.26827719807624817,
    0.0
  ],
  "tangential_distortion": [
    0.005374678876250982,
    0.011547503992915154
  ],
  "image_size": [
    1080,
    1920
  ]
}