{
  "orientation": [
    [
      0.9947292832573623,
      -0.09005846864244445,
      0.049021686394715165
    ],
    [
      -0.07207022098308107,
      -0.9541620493522653,
      -0.29048381215584346
    ],
    [
      0.0729351544774796,
      0.28541975072324505,
      -0.9556234653737974
    ]
  ],
  "position": [
    -0.521877765628051,
    -2.695857496567994,
    12.135759391520587
  ],
  "focal_length": 1404.8856201171875,
  "principal_point": [
    615.7135620117188,
    1005.7840576171875
  ],
  "skew": 0.0,
  "pixel_aspect_ratio": 1.0,
  "radial_distortion": [
    0.08090346306562424,
    -0.26827719807624817,
    0.0
  ],
  "tangential_distortion": [
    0.005374678876250982,
    0.011547503992915154
  ],
  "image_size": [
    1080,
    1920
  ]
}