{
  "orientation": [
    [
      0.9975185689425748,
      -0.0316244319463929,
      -0.06290151131234532
    ],
    [
      -0.036066202811587955,
      -0.9968397432706613,
      -0.07078079870645866
    ],
    [
      -0.06046431870171488,
      0.07287377961131684,
      -0.9955067275075686
    ]
  ],
  "position": [
    2.7271449376163135,
    3.12716958741688,
    13.66047796896543
  ],
  "focal_length": 1404.8856201171875,
  "principal_point": [
    615.7135620117188,
    1005.7840576171875
  ],
  "skew": 0.0,
  "pixel_aspect_ratio": 1.0,
  "radial_distortion": [
    0.08090346306562424,
    -0.26827719807624817,
    0.0
  ],
  "tangential_distortion": [
    0.005374678876250982,
    0.011547503992915154
  ],
  "image_size": [
    1080,
    1920
  ]
}