{
  "orientation": [
    [
      0.9945901178449055,
      -0.08495891017868219,
      0.05977024042449905
    ],
    [
      -0.06574871497652392,
      -0.960338297405583,
      -0.27097540289303645
    ],
    [
      0.08042141840385328,
      0.26557964168090564,
      -0.9607289198238771
    ]
  ],
  "position": [
    -0.296673173855951,
    -2.3213842892607186,
    12.262691109741981
  ],
  "focal_length": 1404.8856201171875,
  "principal_point": [
    615.7135620117188,
    1005.7840576171875
  ],
  "skew": 0.0,
  "pixel_aspect_ratio": 1.0,
  "radial_distortion": [
    0.08090346306562424,
    -0.26827719807624817,
    0.0
  ],
  "tangential_distortion": [
    0.005374678876250982,
    0.011547503992915154
  ],
  "image_size": [
    1080,
    1920
  ]
}