{
  "orientation": [
    [
      0.986842799357907,
      -0.1468974026976985,
      -0.06754586129642022
    ],
    [
      -0.14800243304588764,
      -0.9889186846732494,
      -0.011630018842218651
    ],
    [
      -0.06508893999830222,
      0.021473951812440422,
      -0.9976484562861883
    ]
  ],
  "position": [
    0.662989770756118,
    0.4265441036638532,
    12.80897851836091
  ],
  "focal_length": 1404.8856201171875,
  "principal_point": [
    615.7135620117188,
    1005.7840576171875
  ],
  "skew": 0.0,
  "pixel_aspect_ratio": 1.0,
  "radial_distortion": [
    0.08090346306562424,
    -0.26827719807624817,
    0.0
  ],
  "tangential_distortion": [
    0.005374678876250982,
    0.011547503992915154
  ],
  "image_size": [
    1080,
    1920
  ]
}