{
  "orientation": [
    [
      0.9938829146748122,
      -0.09153319253712407,
      0.061793425583557
    ],
    [
      -0.07069026613552372,
      -0.9571515963946029,
      -0.28082732095143165
    ],
    [
      0.08485068682737726,
      0.2747412829973525,
      -0.957767124539481
    ]
  ],
  "position": [
    -0.38736378392274035,
    -2.6004326467041925,
    12.338741097346539
  ],
  "focal_length": 1404.8856201171875,
  "principal_point": [
    615.7135620117188,
    1005.7840576171875
  ],
  "skew": 0.0,
  "pixel_aspect_ratio": 1.0,
  "radial_distortion": [
    0.08090346306562424,
    -0.26827719807624817,
    0.0
  ],
  "tangential_distortion": [
    0.005374678876250982,
    0.011547503992915154
  ],
  "image_size": [
    1080,
    1920
  ]
}