{
  "orientation": [
    [
      0.9454855927565882,
      -0.0884214530241807,
      0.3134304502118245
    ],
    [
      -0.03251887715357733,
      -0.9832587459483295,
      -0.17929026944117896
    ],
    [
      0.3240362990523823,
      0.15932396157738674,
      -0.9325323509710712
    ]
  ],
  "position": [
    -6.130455520814725,
    -0.5107218302020737,
    16.50566256349721
  ],
  "focal_length": 1404.8856201171875,
  "principal_point": [
    615.7135620117188,
    1005.7840576171875
  ],
  "skew": 0.0,
  "pixel_aspect_ratio": 1.0,
  "radial_distortion": [
    0.08090346306562424,
    -0.26827719807624817,
    0.0
  ],
  "tangential_distortion": [
    0.005374678876250982,
    0.011547503992915154
  ],
  "image_size": [
    1080,
    1920
  ]
}