{
  "orientation": [
    [
      0.9816175291814231,
      0.044403742173282565,
      -0.18562148754964142
    ],
    [
      0.009702224117401924,
      -0.9829120238512536,
      -0.18382082543445175
    ],
    [
      -0.19061189838598414,
      0.17864080356188541,
      -0.9652744898173937
    ]
  ],
  "position": [
    3.2836908115615873,
    0.5647037122547783,
    12.791943578383654
  ],
  "focal_length": 1404.8856201171875,
  "principal_point": [
    615.7135620117188,
    1005.7840576171875
  ],
  "skew": 0.0,
  "pixel_aspect_ratio": 1.0,
  "radial_distortion": [
    0.08090346306562424,
    -0.26827719807624817,
    0.0
  ],
  "tangential_distortion": [
    0.005374678876250982,
    0.011547503992915154
  ],
  "image_size": [
    1080,
    1920
  ]
}