{
  "orientation": [
    [
      0.9989405714561492,
      0.00407857811815078,
      0.04583775845055683
    ],
    [
      0.02391510217505291,
      -0.8970083976722234,
      -0.44136647039049853
    ],
    [
      0.039316698579537825,
      0.44199508877084165,
      -0.8961556211649129
    ]
  ],
  "position": [
    0.6277915067716029,
    -4.090346281811803,
    14.044046314637308
  ],
  "focal_length": 1404.8856201171875,
  "principal_point": [
    615.7135620117188,
    1005.7840576171875
  ],
  "skew": 0.0,
  "pixel_aspect_ratio": 1.0,
  "radial_distortion": [
    0.08090346306562424,
    -0.26827719807624817,
    0.0
  ],
  "tangential_distortion": [
    0.005374678876250982,
    0.011547503992915154
  ],
  "image_size": [
    1080,
    1920
  ]
}