{
  "orientation": [
    [
      0.9995693810384303,
      0.02846202717651897,
      -0.007139016279350177
    ],
    [
      0.028872454921471117,
      -0.997392240677015,
      0.06614642837298645
    ],
    [
      -0.005237737225305368,
      -0.06632406538126343,
      -0.9977845132650882
    ]
  ],
  "position": [
    1.0182528087789735,
    7.792923616877995,
    12.86649428469479
  ],
  "focal_length": 1404.8856201171875,
  "principal_point": [
    615.7135620117188,
    1005.7840576171875
  ],
  "skew": 0.0,
  "pixel_aspect_ratio": 1.0,
  "radial_distortion": [
    0.08090346306562424,
    -0.26827719807624817,
    0.0
  ],
  "tangential_distortion": [
    0.005374678876250982,
    0.011547503992915154
  ],
  "image_size": [
    1080,
    1920
  ]
}