{
  "orientation": [
    [
      0.9842357139309817,
      -0.04475263171292859,
      0.17110600133564757
    ],
    [
      -0.02926626871778168,
      -0.9953306008762959,
      -0.0919824633215311
    ],
    [
      0.17442347105147932,
      0.08552479171635086,
      -0.9809496693103128
    ]
  ],
  "position": [
    -1.3607347533711014,
    0.023832224837443832,
    15.476533645548372
  ],
  "focal_length": 1404.8856201171875,
  "principal_point": [
    615.7135620117188,
    1005.7840576171875
  ],
  "skew": 0.0,
  "pixel_aspect_ratio": 1.0,
  "radial_distortion": [
    0.08090346306562424,
    -0.26827719807624817,
    0.0
  ],
  "tangential_distortion": [
    0.005374678876250982,
    0.011547503992915154
  ],
  "image_size": [
    1080,
    1920
  ]
}