{
  "orientation": [
    [
      0.9975136880218767,
      -0.07031529603152986,
      -0.004711886517908631
    ],
    [
      -0.06691031986000964,
      -0.923976950442666,
      -0.3765501397535907
    ],
    [
      0.022123558185575078,
      0.3759291925299441,
      -0.9263844744400553
    ]
  ],
  "position": [
    0.13454773439835988,
    -5.223788730052571,
    14.094258797760688
  ],
  "focal_length": 1404.8856201171875,
  "principal_point": [
    615.7135620117188,
    1005.7840576171875
  ],
  "skew": 0.0,
  "pixel_aspect_ratio": 1.0,
  "radial_distortion": [
    0.08090346306562424,
    -0.26827719807624817,
    0.0
  ],
  "tangential_distortion": [
    0.005374678876250982,
    0.011547503992915154
  ],
  "image_size": [
    1080,
    1920
  ]
}