{
  "orientation": [
    [
      0.9508322859286575,
      -0.03797992024519137,
      0.30736866727661766
    ],
    [
      -0.02831705052399955,
      -0.9989565034272709,
      -0.03583812624640918
    ],
    [
      0.3084090086473747,
      0.025372274265449857,
      -0.9509155828562208
    ]
  ],
  "position": [
    -1.8536632236735633,
    0.5154319758827581,
    15.201916841172595
  ],
  "focal_length": 1404.8856201171875,
  "principal_point": [
    615.7135620117188,
    1005.7840576171875
  ],
  "skew": 0.0,
  "pixel_aspect_ratio": 1.0,
  "radial_distortion": [
    0.08090346306562424,
    -0.26827719807624817,
    0.0
  ],
  "tangential_distortion": [
    0.005374678876250982,
    0.011547503992915154
  ],
  "image_size": [
    1080,
    1920
  ]
}