{
  "orientation": [
    [
      0.9396408974772336,
      -0.019499658157610726,
      0.3416061435934762
    ],
    [
      -0.01393226914328024,
      -0.9997274123738356,
      -0.018743837603293352
    ],
    [
      0.34187846654270215,
      0.01285312815293453,
      -0.9396564476776923
    ]
  ],
  "position": [
    -3.9390490627872086,
    1.105405620508184,
    15.260764282633348
  ],
  "focal_length": 1404.8856201171875,
  "principal_point": [
    615.7135620117188,
    1005.7840576171875
  ],
  "skew": 0.0,
  "pixel_aspect_ratio": 1.0,
  "radial_distortion": [
    0.08090346306562424,
    -0.26827719807624817,
    0.0
  ],
  "tangential_distortion": [
    0.005374678876250982,
    0.011547503992915154
  ],
  "image_size": [
    1080,
    1920
  ]
}