{
  "orientation": [
    [
      0.9949239173245696,
      -0.08112600313444471,
      0.059539658133428014
    ],
    [
      -0.06267430417177311,
      -0.9624579709750478,
      -0.2640961838973432
    ],
    [
      0.07872947905200109,
      0.25902400345911053,
      -0.9626569707987025
    ]
  ],
  "position": [
    -0.249390551350077,
    -2.1035384988303747,
    12.167159095939732
  ],
  "focal_length": 1404.8856201171875,
  "principal_point": [
    615.7135620117188,
    1005.7840576171875
  ],
  "skew": 0.0,
  "pixel_aspect_ratio": 1.0,
  "radial_distortion": [
    0.08090346306562424,
    -0.26827719807624817,
    0.0
  ],
  "tangential_distortion": [
    0.005374678876250982,
    0.011547503992915154
  ],
  "image_size": [
    1080,
    1920
  ]
}