{
  "orientation": [
    [
      0.9980006131600045,
      -0.0631446641244424,
      -0.0027436826828008756
    ],
    [
      -0.06045683440162542,
      -0.941059451119719,
      -0.3327947453902446
    ],
    [
      0.01843224284201425,
      0.33229523435919855,
      -0.9429954357440924
    ]
  ],
  "position": [
    -0.25261155696098436,
    -2.071916157821141,
    12.820361336334892
  ],
  "focal_length": 1404.8856201171875,
  "principal_point": [
    615.7135620117188,
    1005.7840576171875
  ],
  "skew": 0.0,
  "pixel_aspect_ratio": 1.0,
  "radial_distortion": [
    0.08090346306562424,
    -0.26827719807624817,
    0.0
  ],
  "tangential_distortion": [
    0.005374678876250982,
    0.011547503992915154
  ],
  "image_size": [
    1080,
    1920
  ]
}