{
  "orientation": [
    [
      0.9224817991540875,
      -0.18183570779405328,
      0.34053357728914363
    ],
    [
      -0.21001406251516058,
      -0.9765456975452491,
      0.047464633976545954
    ],
    [
      0.32391578448137365,
      -0.11530209583387863,
      -0.9390336963837251
    ]
  ],
  "position": [
    -6.773105152290573,
    1.3763034163438252,
    14.397507867493262
  ],
  "focal_length": 1404.8856201171875,
  "principal_point": [
    615.7135620117188,
    1005.7840576171875
  ],
  "skew": 0.0,
  "pixel_aspect_ratio": 1.0,
  "radial_distortion": [
    0.08090346306562424,
    -0.26827719807624817,
    0.0
  ],
  "tangential_distortion": [
    0.005374678876250982,
    0.011547503992915154
  ],
  "image_size": [
    1080,
    1920
  ]
}