{
  "orientation": [
    [
      0.9489274018568377,
      0.0049257703637384,
      -0.31545606802672976
    ],
    [
      -0.025329963188174546,
      -0.9954610057385731,
      -0.09173927218879943
    ],
    [
      -0.314476051605598,
      0.09504439953605168,
      -0.94449546429819
    ]
  ],
  "position": [
    4.575628840806946,
    0.49148512746145645,
    11.6736845338477
  ],
  "focal_length": 1404.8856201171875,
  "principal_point": [
    615.7135620117188,
    1005.7840576171875
  ],
  "skew": 0.0,
  "pixel_aspect_ratio": 1.0,
  "radial_distortion": [
    0.08090346306562424,
    -0.26827719807624817,
    0.0
  ],
  "tangential_distortion": [
    0.005374678876250982,
    0.011547503992915154
  ],
  "image_size": [
    1080,
    1920
  ]
}