{
  "orientation": [
    [
      0.9565230769817475,
      -0.1775053129475026,
      0.23142055905675785
    ],
    [
      -0.1932108532750756,
      -0.9800368501783252,
      0.04687970062357434
    ],
    [
      0.2184792380420858,
      -0.08955447520502761,
      -0.9717238212744179
    ]
  ],
  "position": [
    -4.013283259611601,
    0.5851364742023529,
    14.374364090901215
  ],
  "focal_length": 1404.8856201171875,
  "principal_point": [
    615.7135620117188,
    1005.7840576171875
  ],
  "skew": 0.0,
  "pixel_aspect_ratio": 1.0,
  "radial_distortion": [
    0.08090346306562424,
    -0.26827719807624817,
    0.0
  ],
  "tangential_distortion": [
    0.005374678876250982,
    0.011547503992915154
  ],
  "image_size": [
    1080,
    1920
  ]
}