{
  "orientation": [
    [
      0.9973827626224102,
      -0.02645223103825499,
      0.0672897069112669
    ],
    [
      -0.004602865033081771,
      -0.9520137563688302,
      -0.30602106035622667
    ],
    [
      0.07215565685788367,
      0.3049104052359658,
      -0.9496438667734077
    ]
  ],
  "position": [
    -0.3558543046915556,
    -3.8520398174348913,
    15.100887115942255
  ],
  "focal_length": 1404.8856201171875,
  "principal_point": [
    615.7135620117188,
    1005.7840576171875
  ],
  "skew": 0.0,
  "pixel_aspect_ratio": 1.0,
  "radial_distortion": [
    0.08090346306562424,
    -0.26827719807624817,
    0.0
  ],
  "tangential_distortion": [
    0.005374678876250982,
    0.011547503992915154
  ],
  "image_size": [
    1080,
    1920
  ]
}