{
  "orientation": [
    [
      0.9994717339313034,
      -0.003737483265823154,
      0.03228442896618841
    ],
    [
      0.00997358354409969,
      -0.910162094451056,
      -0.4141324853018366
    ],
    [
      0.03093187298118297,
      0.4142357046052703,
      -0.9096440106598263
    ]
  ],
  "position": [
    0.5577047342117682,
    -4.228419852833234,
    13.754668264803765
  ],
  "focal_length": 1404.8856201171875,
  "principal_point": [
    615.7135620117188,
    1005.7840576171875
  ],
  "skew": 0.0,
  "pixel_aspect_ratio": 1.0,
  "radial_distortion": [
    0.08090346306562424,
    -0.26827719807624817,
    0.0
  ],
  "tangential_distortion": [
    0.005374678876250982,
    0.011547503992915154
  ],
  "image_size": [
    1080,
    1920
  ]
}