{
  "orientation": [
    [
      0.9998915174571136,
      -0.010366899048100531,
      -0.010463304110253976
    ],
    [
      -0.01030591693425076,
      -0.999929795937776,
      0.005865378117268745
    ],
    [
      -0.01052337421749739,
      -0.005756907888850052,
      -0.9999281614170799
    ]
  ],
  "position": [
    1.889661147459452,
    5.0695002234484985,
    13.658063602145354
  ],
  "focal_length": 1404.8856201171875,
  "principal_point": [
    615.7135620117188,
    1005.7840576171875
  ],
  "skew": 0.0,
  "pixel_aspect_ratio": 1.0,
  "radial_distortion": [
    0.08090346306562424,
    -0.26827719807624817,
    0.0
  ],
  "tangential_distortion": [
    0.005374678876250982,
    0.011547503992915154
  ],
  "image_size": [
    1080,
    1920
  ]
}