{
  "orientation": [
    [
      0.9981529920315242,
      -0.06073646383005932,
      -0.001298698723506163
    ],
    [
      -0.059175771161833174,
      -0.9672243689349418,
      -0.246932008853731
    ],
    [
      0.013741643437263716,
      0.2465527749804423,
      -0.9690320249046893
    ]
  ],
  "position": [
    -0.03451338236828989,
    -1.750505243029126,
    12.226210514297499
  ],
  "focal_length": 1404.8856201171875,
  "principal_point": [
    615.7135620117188,
    1005.7840576171875
  ],
  "skew": 0.0,
  "pixel_aspect_ratio": 1.0,
  "radial_distortion": [
    0.08090346306562424,
    -0.26827719807624817,
    0.0
  ],
  "tangential_distortion": [
    0.005374678876250982,
    0.011547503992915154
  ],
  "image_size": [
    1080,
    1920
  ]
}