{
  "orientation": [
    [
      0.959438490140027,
      -0.09915163883056258,
      0.26390669116590704
    ],
    [
      -0.044416461561120696,
      -0.977583961499396,
      -0.20580826923631784
    ],
    [
      0.27839713911481423,
      0.1857385750480306,
      -0.9423356500886446
    ]
  ],
  "position": [
    -3.4775742664398743,
    -1.5534112207571773,
    16.81660283534803
  ],
  "focal_length": 1404.8856201171875,
  "principal_point": [
    615.7135620117188,
    1005.7840576171875
  ],
  "skew": 0.0,
  "pixel_aspect_ratio": 1.0,
  "radial_distortion": [
    0.08090346306562424,
    -0.26827719807624817,
    0.0
  ],
  "tangential_distortion": [
    0.005374678876250982,
    0.011547503992915154
  ],
  "image_size": [
    1080,
    1920
  ]
}