{
  "orientation": [
    [
      0.9981158377908331,
      0.013683938328743903,
      0.05981241083196558
    ],
    [
      0.04137330380513425,
      -0.8699597977489619,
      -0.49138427359344117
    ],
    [
      0.045310312181276825,
      0.49293306283360716,
      -0.8688868023528866
    ]
  ],
  "position": [
    0.21928709087298565,
    -5.065069578452353,
    14.801626440716888
  ],
  "focal_length": 1404.8856201171875,
  "principal_point": [
    615.7135620117188,
    1005.7840576171875
  ],
  "skew": 0.0,
  "pixel_aspect_ratio": 1.0,
  "radial_distortion": [
    0.08090346306562424,
    -0.26827719807624817,
    0.0
  ],
  "tangential_distortion": [
    0.005374678876250982,
    0.011547503992915154
  ],
  "image_size": [
    1080,
    1920
  ]
}