{
  "orientation": [
    [
      0.9853581958662249,
      -0.08662984170077316,
      -0.14684855817277415
    ],
    [
      -0.09493374091766148,
      -0.9942019204222141,
      -0.05050237705617398
    ],
    [
      -0.14162207930228243,
      0.06370381291449222,
      -0.9878691074950432
    ]
  ],
  "position": [
    1.8371139095694777,
    0.19964700940865926,
    12.557954687606763
  ],
  "focal_length": 1404.8856201171875,
  "principal_point": [
    615.7135620117188,
    1005.7840576171875
  ],
  "skew": 0.0,
  "pixel_aspect_ratio": 1.0,
  "radial_distortion": [
    0.08090346306562424,
    -0.26827719807624817,
    0.0
  ],
  "tangential_distortion": [
    0.005374678876250982,
    0.011547503992915154
  ],
  "image_size": [
    1080,
    1920
  ]
}