{
  "orientation": [
    [
      0.9973550429747972,
      -0.07223502059464117,
      -0.008063529082535048
    ],
    [
      -0.07026831076755634,
      -0.9298976179014262,
      -0.3610444740120008
    ],
    [
      0.018581797637668075,
      0.360656137494456,
      -0.9325139115421155
    ]
  ],
  "position": [
    0.2141852491772857,
    -3.741674594979128,
    13.524970974195304
  ],
  "focal_length": 1404.8856201171875,
  "principal_point": [
    615.7135620117188,
    1005.7840576171875
  ],
  "skew": 0.0,
  "pixel_aspect_ratio": 1.0,
  "radial_distortion": [
    0.08090346306562424,
    -0.26827719807624817,
    0.0
  ],
  "tangential_distortion": [
    0.005374678876250982,
    0.011547503992915154
  ],
  "image_size": [
    1080,
    1920
  ]
}