{
  "orientation": [
    [
      0.9957111991765943,
      -0.06479881271349723,
      0.06603273738926387
    ],
    [
      -0.047826310348893245,
      -0.9714990161025081,
      -0.23216939591336863
    ],
    [
      0.07919502872409177,
      0.2280155657653404,
      -0.9704315388876801
    ]
  ],
  "position": [
    -0.21194443545578553,
    -1.2675721510830473,
    11.818755963895608
  ],
  "focal_length": 1404.8856201171875,
  "principal_point": [
    615.7135620117188,
    1005.7840576171875
  ],
  "skew": 0.0,
  "pixel_aspect_ratio": 1.0,
  "radial_distortion": [
    0.08090346306562424,
    -0.26827719807624817,
    0.0
  ],
  "tangential_distortion": [
    0.005374678876250982,
    0.011547503992915154
  ],
  "image_size": [
    1080,
    1920
  ]
}