{
  "orientation": [
    [
      0.9778616019575073,
      -0.17590495288280886,
      0.11333198487254026
    ],
    [
      -0.18203630894033992,
      -0.9822080414672902,
      0.04615721114781082
    ],
    [
      0.10319628613099413,
      -0.06576589895122908,
      -0.9924846182570546
    ]
  ],
  "position": [
    -2.129876687434667,
    0.45513257406755564,
    13.986659909245951
  ],
  "focal_length": 1404.8856201171875,
  "principal_point": [
    615.7135620117188,
    1005.7840576171875
  ],
  "skew": 0.0,
  "pixel_aspect_ratio": 1.0,
  "radial_distortion": [
    0.08090346306562424,
    -0.26827719807624817,
    0.0
  ],
  "tangential_distortion": [
    0.005374678876250982,
    0.011547503992915154
  ],
  "image_size": [
    1080,
    1920
  ]
}