{
  "orientation": [
    [
      0.9957507534225604,
      -0.06410329205750748,
      0.06611509381294652
    ],
    [
      -0.04755556708900557,
      -0.9727510671755013,
      -0.226923156800994
    ],
    [
      0.07886003881147859,
      0.22281476387590504,
      -0.9716660768304008
    ]
  ],
  "position": [
    -0.1793893529931159,
    -1.0829628918996226,
    11.775755824437757
  ],
  "focal_length": 1404.8856201171875,
  "principal_point": [
    615.7135620117188,
    1005.7840576171875
  ],
  "skew": 0.0,
  "pixel_aspect_ratio": 1.0,
  "radial_distortion": [
    0.08090346306562424,
    -0.26827719807624817,
    0.0
  ],
  "tangential_distortion": [
    0.005374678876250982,
    0.011547503992915154
  ],
  "image_size": [
    1080,
    1920
  ]
}