{
  "orientation": [
    [
      0.9469228625252831,
      -0.20122946334495007,
      0.2506866660972117
    ],
    [
      -0.20721190977318077,
      -0.9782928436853153,
      -0.002583361795630356
    ],
    [
      0.2457647776333759,
      -0.04949901404997202,
      -0.9680650067298584
    ]
  ],
  "position": [
    -5.216882299981519,
    0.44915165318692546,
    14.373373868984782
  ],
  "focal_length": 1404.8856201171875,
  "principal_point": [
    615.7135620117188,
    1005.7840576171875
  ],
  "skew": 0.0,
  "pixel_aspect_ratio": 1.0,
  "radial_distortion": [
    0.08090346306562424,
    -0.26827719807624817,
    0.0
  ],
  "tangential_distortion": [
    0.005374678876250982,
    0.011547503992915154
  ],
  "image_size": [
    1080,
    1920
  ]
}