{
  "orientation": [
    [
      0.9775285231554045,
      -0.179687479319326,
      0.11022884925384892
    ],
    [
      -0.1649041367801114,
      -0.9775526134485673,
      -0.1311403022858902
    ],
    [
      0.1313187538197316,
      0.11001619420201343,
      -0.9852167721915659
    ]
  ],
  "position": [
    -3.647941225740759,
    -1.065198546233654,
    13.935596395336981
  ],
  "focal_length": 1404.8856201171875,
  "principal_point": [
    615.7135620117188,
    1005.7840576171875
  ],
  "skew": 0.0,
  "pixel_aspect_ratio": 1.0,
  "radial_distortion": [
    0.08090346306562424,
    -0.26827719807624817,
    0.0
  ],
  "tangential_distortion": [
    0.005374678876250982,
    0.011547503992915154
  ],
  "image_size": [
    1080,
    1920
  ]
}